-- phpMyAdmin SQL Dump
-- version 4.8.2
-- https://www.phpmyadmin.net/
--
-- Host: 127.0.0.1:3307
-- Generation Time: Mar 07, 2019 at 04:36 AM
-- Server version: 10.1.34-MariaDB
-- PHP Version: 7.2.8

SET SQL_MODE = "NO_AUTO_VALUE_ON_ZERO";
SET AUTOCOMMIT = 0;
START TRANSACTION;
SET time_zone = "+00:00";


/*!40101 SET @OLD_CHARACTER_SET_CLIENT=@@CHARACTER_SET_CLIENT */;
/*!40101 SET @OLD_CHARACTER_SET_RESULTS=@@CHARACTER_SET_RESULTS */;
/*!40101 SET @OLD_COLLATION_CONNECTION=@@COLLATION_CONNECTION */;
/*!40101 SET NAMES utf8mb4 */;

--
-- Database: `eapi`
--

-- --------------------------------------------------------

--
-- Table structure for table `migrations`
--

CREATE TABLE `migrations` (
  `id` int(10) UNSIGNED NOT NULL,
  `migration` varchar(191) COLLATE utf8mb4_unicode_ci NOT NULL,
  `batch` int(11) NOT NULL
) ENGINE=InnoDB DEFAULT CHARSET=utf8mb4 COLLATE=utf8mb4_unicode_ci;

--
-- Dumping data for table `migrations`
--

INSERT INTO `migrations` (`id`, `migration`, `batch`) VALUES
(1, '2014_10_12_000000_create_users_table', 1),
(2, '2014_10_12_100000_create_password_resets_table', 1),
(3, '2019_03_07_021624_create_products_table', 1),
(4, '2019_03_07_021639_create_reviews_table', 1);

-- --------------------------------------------------------

--
-- Table structure for table `password_resets`
--

CREATE TABLE `password_resets` (
  `email` varchar(191) COLLATE utf8mb4_unicode_ci NOT NULL,
  `token` varchar(191) COLLATE utf8mb4_unicode_ci NOT NULL,
  `created_at` timestamp NULL DEFAULT NULL
) ENGINE=InnoDB DEFAULT CHARSET=utf8mb4 COLLATE=utf8mb4_unicode_ci;

-- --------------------------------------------------------

--
-- Table structure for table `products`
--

CREATE TABLE `products` (
  `id` bigint(20) UNSIGNED NOT NULL,
  `name` varchar(191) COLLATE utf8mb4_unicode_ci NOT NULL,
  `detail` text COLLATE utf8mb4_unicode_ci NOT NULL,
  `price` double NOT NULL,
  `stock` int(11) NOT NULL,
  `discount` double NOT NULL,
  `created_at` timestamp NULL DEFAULT NULL,
  `updated_at` timestamp NULL DEFAULT NULL
) ENGINE=InnoDB DEFAULT CHARSET=utf8mb4 COLLATE=utf8mb4_unicode_ci;

--
-- Dumping data for table `products`
--

INSERT INTO `products` (`id`, `name`, `detail`, `price`, `stock`, `discount`, `created_at`, `updated_at`) VALUES
(1, 'eveniet', 'Inventore pariatur aut dolor. Corporis laudantium ex laboriosam officia. Autem autem tenetur mollitia voluptate sit. Ex et maxime officiis animi perferendis dolorem.', 607, 2, 19, '2019-03-06 19:24:08', '2019-03-06 19:24:08'),
(2, 'quia', 'Quia rerum est sunt. Esse ex tempora nesciunt debitis. Ullam perspiciatis necessitatibus eligendi et. Ut facere non sit quod perspiciatis tenetur minus dicta.', 626, 6, 15, '2019-03-06 19:24:08', '2019-03-06 19:24:08'),
(3, 'et', 'Mollitia aliquid itaque quod aperiam sapiente minima. Praesentium perferendis quidem doloremque. Ab aliquam assumenda sit pariatur enim. Dolores ut et neque eum.', 923, 2, 6, '2019-03-06 19:24:08', '2019-03-06 19:24:08'),
(4, 'ratione', 'Consectetur voluptas accusamus laborum qui. Omnis illum minus cupiditate aut eaque et magni et. Possimus corporis veritatis amet suscipit quia magni inventore eligendi.', 931, 5, 11, '2019-03-06 19:24:09', '2019-03-06 19:24:09'),
(5, 'et', 'Qui eum est necessitatibus maxime rerum ex natus. Aut ullam officia aut eum illo debitis. Quia omnis illo ad minima tenetur nam provident. Laborum sed et minus et non eos.', 795, 5, 15, '2019-03-06 19:24:09', '2019-03-06 19:24:09'),
(6, 'in', 'Voluptatem dicta quae aut et maxime nisi. At eveniet quia non ipsam harum fuga optio. Voluptas id natus occaecati perspiciatis.', 878, 7, 25, '2019-03-06 19:24:09', '2019-03-06 19:24:09'),
(7, 'eveniet', 'Porro consequatur rerum delectus qui soluta et nihil omnis. Voluptatum animi cumque qui eum optio velit sit. Qui quia quis tempora debitis animi. Corporis omnis molestiae fugiat deleniti qui. Assumenda officiis voluptatem nam sapiente sit.', 423, 9, 28, '2019-03-06 19:24:09', '2019-03-06 19:24:09'),
(8, 'libero', 'Id cum vero vel exercitationem et voluptatem. Fugiat rerum inventore pariatur voluptas dicta.', 461, 3, 14, '2019-03-06 19:24:09', '2019-03-06 19:24:09'),
(9, 'corrupti', 'Dolorum quam nihil veritatis et omnis eaque. Velit soluta est non at. Possimus quo alias id aut sint earum dolor laborum. Rerum veniam porro reprehenderit iste delectus. Ipsam tempora expedita aperiam.', 648, 9, 23, '2019-03-06 19:24:09', '2019-03-06 19:24:09'),
(10, 'inventore', 'Nisi voluptate sequi ipsam quo ex voluptas. Libero temporibus non occaecati et sint voluptas. Non commodi est natus sunt eum dolorem sunt.', 972, 1, 23, '2019-03-06 19:24:09', '2019-03-06 19:24:09'),
(11, 'asperiores', 'Itaque enim assumenda itaque magni ut qui. Ipsa soluta tempora non recusandae at qui. Nemo adipisci minus porro laborum. Et quia impedit illum ullam enim dolores occaecati. Quos dolores et perspiciatis iusto ut.', 722, 0, 4, '2019-03-06 19:24:09', '2019-03-06 19:24:09'),
(12, 'vitae', 'Optio at qui maiores exercitationem voluptatem. Quia rerum qui tenetur voluptatem architecto omnis exercitationem aut.', 344, 4, 15, '2019-03-06 19:24:09', '2019-03-06 19:24:09'),
(13, 'eos', 'Non eum ut culpa nihil omnis. Eaque dolorem consequatur velit suscipit enim ut voluptatem. Et culpa et repellendus rerum voluptate.', 677, 3, 22, '2019-03-06 19:24:09', '2019-03-06 19:24:09'),
(14, 'veritatis', 'Tempore aliquid possimus est asperiores odio. Tempore enim nobis quia accusantium et omnis. Sit libero quia rerum eum ea aut. Qui omnis incidunt ea voluptatem quia itaque.', 457, 1, 25, '2019-03-06 19:24:09', '2019-03-06 19:24:09'),
(15, 'libero', 'Provident voluptate omnis in quia distinctio rerum officia quo. Est aut aliquid sit voluptatem. Reiciendis facilis molestias et distinctio et. Hic at est tenetur consequatur quia quis dolorum.', 413, 2, 16, '2019-03-06 19:24:09', '2019-03-06 19:24:09'),
(16, 'sunt', 'Vel vitae rerum quas iste nobis. Aut aut facilis dignissimos neque tempore ipsum dolore.', 475, 1, 7, '2019-03-06 19:24:09', '2019-03-06 19:24:09'),
(17, 'dolores', 'Non aliquid incidunt error ipsum aliquam. Ullam rem debitis tenetur.', 903, 3, 28, '2019-03-06 19:24:09', '2019-03-06 19:24:09'),
(18, 'dolor', 'Quae et quia vitae eos. Aut porro cupiditate cum et qui quis. Vel suscipit beatae et et. Voluptatum quia illum necessitatibus velit deleniti accusantium dolorem. Sunt voluptatum sit sint cumque tenetur dolore iure.', 971, 1, 7, '2019-03-06 19:24:09', '2019-03-06 19:24:09'),
(19, 'aut', 'Error perspiciatis ut quas eos. Officiis id optio ratione asperiores ut. Reiciendis illo a nemo aliquid sit minima.', 596, 1, 6, '2019-03-06 19:24:09', '2019-03-06 19:24:09'),
(20, 'iusto', 'Ratione dolores numquam enim sit est ut. Quis aspernatur beatae sit molestiae velit. Dolores maxime dolore recusandae neque explicabo repellendus. Aliquid quis occaecati sint nesciunt et tempora sed. Eos earum quas quis dolor ducimus dolores repudiandae est.', 347, 3, 4, '2019-03-06 19:24:09', '2019-03-06 19:24:09'),
(21, 'deleniti', 'Nihil atque aspernatur aut et. Corrupti asperiores commodi consequuntur natus officiis.', 561, 8, 25, '2019-03-06 19:24:09', '2019-03-06 19:24:09'),
(22, 'consequatur', 'Qui ipsam nesciunt magnam nihil. Ex debitis beatae voluptas. Ducimus in error delectus provident quia ex dignissimos.', 330, 1, 28, '2019-03-06 19:24:10', '2019-03-06 19:24:10'),
(23, 'nemo', 'Dolorem maiores odit laudantium facere rem ut. Praesentium accusamus reprehenderit earum earum. Quasi eius ut nemo voluptatem sapiente est rerum.', 166, 7, 15, '2019-03-06 19:24:10', '2019-03-06 19:24:10'),
(24, 'quo', 'Error aut quo in officia aut voluptatem voluptates. Ad aspernatur aut et iusto cumque. Est quisquam et iure eaque et aut. Recusandae saepe ut blanditiis occaecati at nobis. Ratione inventore natus ducimus vitae enim voluptatum.', 739, 1, 6, '2019-03-06 19:24:10', '2019-03-06 19:24:10'),
(25, 'temporibus', 'Alias laborum explicabo quod. Harum ut aut adipisci et nisi ut quo. Ut qui rerum quia iste.', 801, 5, 30, '2019-03-06 19:24:10', '2019-03-06 19:24:10'),
(26, 'maxime', 'Optio ipsa aut aspernatur quis similique maiores laborum natus. Dolores et illum qui ut ut repellendus. Nam excepturi perferendis esse praesentium nihil est. Praesentium et omnis rerum ipsam sed assumenda.', 104, 0, 18, '2019-03-06 19:24:10', '2019-03-06 19:24:10'),
(27, 'voluptas', 'Nisi aliquid dolor quod doloribus omnis autem. Ut iusto consequuntur recusandae ad et animi. Similique voluptatibus quod tempore laboriosam qui.', 231, 7, 6, '2019-03-06 19:24:10', '2019-03-06 19:24:10'),
(28, 'deserunt', 'Veniam tenetur omnis tempore dolores voluptatem. Quia voluptas odio iste perspiciatis velit. Culpa earum ratione illum non aspernatur recusandae consequatur.', 220, 2, 15, '2019-03-06 19:24:10', '2019-03-06 19:24:10'),
(29, 'aut', 'Velit voluptate cum odit velit recusandae voluptatem quas. Quod est reiciendis magni voluptatem eum. Nemo qui voluptatem dolores consequuntur dolorem.', 272, 0, 18, '2019-03-06 19:24:10', '2019-03-06 19:24:10'),
(30, 'eaque', 'Possimus pariatur quis deserunt ex ut. Quidem dolor voluptatibus nulla quo. In dolores reprehenderit quas. Iure nisi aliquam possimus praesentium.', 324, 5, 26, '2019-03-06 19:24:10', '2019-03-06 19:24:10'),
(31, 'ipsum', 'Sed est iure cum ducimus expedita temporibus facere. Voluptatem aperiam enim sint. Odit explicabo dolore corrupti perspiciatis id ducimus.', 843, 3, 30, '2019-03-06 19:24:10', '2019-03-06 19:24:10'),
(32, 'eveniet', 'Qui nihil sit maiores suscipit quaerat ratione. Cumque nobis mollitia praesentium eos et. Enim nihil cupiditate impedit.', 103, 0, 3, '2019-03-06 19:24:10', '2019-03-06 19:24:10'),
(33, 'pariatur', 'Ut esse maxime possimus sit nihil. Voluptatem aut sit saepe atque tempore amet facilis. Ipsum iusto omnis deleniti ut et.', 856, 1, 9, '2019-03-06 19:24:10', '2019-03-06 19:24:10'),
(34, 'iure', 'Dolorem architecto et qui et eligendi rem necessitatibus. Tempora commodi eaque iusto aut qui. Inventore necessitatibus qui ea.', 413, 8, 18, '2019-03-06 19:24:10', '2019-03-06 19:24:10'),
(35, 'porro', 'Nemo sint odit eligendi id. Nostrum nesciunt nesciunt doloribus illo ea dignissimos voluptates. Eos rerum incidunt officia delectus pariatur veniam veritatis.', 593, 8, 15, '2019-03-06 19:24:10', '2019-03-06 19:24:10'),
(36, 'quis', 'Voluptas sit eos fugiat beatae consequatur cum. Est sit facere consequatur eos ut placeat. Omnis qui adipisci aperiam ipsum. Asperiores reprehenderit et facere quia ipsum consequuntur.', 855, 6, 25, '2019-03-06 19:24:10', '2019-03-06 19:24:10'),
(37, 'pariatur', 'Rerum perspiciatis quam deserunt consequuntur provident. Quibusdam ut ut non sint quia voluptatem minima. Est repellat sint ut aut quos asperiores.', 555, 0, 26, '2019-03-06 19:24:10', '2019-03-06 19:24:10'),
(38, 'suscipit', 'Eveniet officia et nulla officia iure temporibus. Ea est aut ut sed. Voluptas eos pariatur porro tenetur aut nisi consequuntur. Nostrum aspernatur nihil nisi inventore. Quo sunt nulla et esse voluptatum reiciendis.', 962, 4, 30, '2019-03-06 19:24:10', '2019-03-06 19:24:10'),
(39, 'libero', 'At similique ipsa quas. Odit quo qui numquam dolorum corrupti nostrum consequuntur. Magni dolores blanditiis id facere rerum.', 656, 8, 17, '2019-03-06 19:24:10', '2019-03-06 19:24:10'),
(40, 'eum', 'Reprehenderit saepe quia incidunt consequatur laborum rerum vel consequatur. Quasi rerum vero explicabo eveniet id quisquam. Assumenda eaque provident cupiditate quia.', 704, 5, 3, '2019-03-06 19:24:10', '2019-03-06 19:24:10'),
(41, 'nihil', 'Vitae voluptatem nihil culpa beatae laudantium facere nesciunt. Qui repellat vel libero sed quas.', 324, 8, 30, '2019-03-06 19:24:10', '2019-03-06 19:24:10'),
(42, 'temporibus', 'Placeat necessitatibus voluptatem enim a doloremque. Porro quia inventore harum asperiores dicta. Natus explicabo eveniet eius dolor eum. Iste minus eos fugit eum quisquam.', 380, 1, 23, '2019-03-06 19:24:10', '2019-03-06 19:24:10'),
(43, 'molestiae', 'Nisi occaecati amet sapiente totam. Doloremque fuga voluptatem consectetur. Minima aliquam tenetur officia enim doloribus.', 277, 7, 11, '2019-03-06 19:24:10', '2019-03-06 19:24:10'),
(44, 'voluptates', 'Nihil consequatur quia est illum odio est cumque. Vel error alias a sapiente nam. Culpa quibusdam quisquam esse est distinctio. Laudantium tempore consequatur cumque odit iure laboriosam quas.', 451, 2, 6, '2019-03-06 19:24:10', '2019-03-06 19:24:10'),
(45, 'aperiam', 'Nemo id sit quam expedita tempore maiores. Nesciunt sint in enim sunt laudantium cum accusamus omnis. Ut sint pariatur laboriosam.', 631, 9, 12, '2019-03-06 19:24:10', '2019-03-06 19:24:10'),
(46, 'deserunt', 'Veritatis pariatur similique consectetur porro autem enim veniam. Ab repellendus ea et assumenda. Ad est sed dolor non quia earum. Voluptate earum quo molestias facilis.', 693, 8, 24, '2019-03-06 19:24:10', '2019-03-06 19:24:10'),
(47, 'nostrum', 'Repudiandae delectus est sit id eaque. Autem totam sunt mollitia pariatur quisquam quia illo. Ipsam similique quasi quibusdam id molestias.', 709, 0, 21, '2019-03-06 19:24:10', '2019-03-06 19:24:10'),
(48, 'aperiam', 'Minus aut sit aut. Nemo nemo in sunt. Ratione saepe mollitia laudantium consectetur quis.', 909, 3, 7, '2019-03-06 19:24:10', '2019-03-06 19:24:10'),
(49, 'autem', 'Pariatur nemo autem voluptas natus perspiciatis inventore nam. Deserunt iure porro ipsam culpa qui tempora soluta. Voluptas vel animi omnis sed. Quo cupiditate perferendis magni iusto porro molestiae et. Sequi qui vel reprehenderit et sequi.', 121, 9, 22, '2019-03-06 19:24:10', '2019-03-06 19:24:10'),
(50, 'velit', 'Aperiam deserunt inventore ut rem veniam praesentium rerum. Quis et aliquid autem maiores autem nemo. Voluptatem rerum consequatur reiciendis qui explicabo rerum. Et et repudiandae vel.', 429, 0, 4, '2019-03-06 19:24:11', '2019-03-06 19:24:11');

-- --------------------------------------------------------

--
-- Table structure for table `reviews`
--

CREATE TABLE `reviews` (
  `id` bigint(20) UNSIGNED NOT NULL,
  `product_id` int(11) NOT NULL,
  `customer` varchar(191) COLLATE utf8mb4_unicode_ci NOT NULL,
  `review` text COLLATE utf8mb4_unicode_ci NOT NULL,
  `star` int(11) NOT NULL,
  `created_at` timestamp NULL DEFAULT NULL,
  `updated_at` timestamp NULL DEFAULT NULL
) ENGINE=InnoDB DEFAULT CHARSET=utf8mb4 COLLATE=utf8mb4_unicode_ci;

--
-- Dumping data for table `reviews`
--

INSERT INTO `reviews` (`id`, `product_id`, `customer`, `review`, `star`, `created_at`, `updated_at`) VALUES
(1, 6, 'Cesar Waelchi', 'Nostrum doloribus et molestias reiciendis pariatur. Voluptate cum possimus nemo aut nam. Deleniti quasi est corrupti sed saepe eius. At cupiditate sed consequatur ipsam et.', 0, '2019-03-06 19:24:11', '2019-03-06 19:24:11'),
(2, 15, 'Lucio Botsford DVM', 'Provident quas occaecati deleniti dolorum ea facilis. Et consequatur reiciendis nesciunt qui et. Qui fuga culpa in ex quod aut. Est quam in voluptatem suscipit eligendi qui id.', 4, '2019-03-06 19:24:11', '2019-03-06 19:24:11'),
(3, 32, 'Ellen Feil', 'Animi quisquam est maxime quidem vitae. Sit modi omnis id debitis qui ratione eveniet. Dolore excepturi aut corporis unde deserunt. Nisi cupiditate quibusdam atque sed maiores deleniti modi laboriosam.', 2, '2019-03-06 19:24:11', '2019-03-06 19:24:11'),
(4, 50, 'Estell Thompson', 'Ut libero dolores officia. Mollitia consequatur omnis voluptatibus voluptatem et et quis. Fugit velit quia eligendi ut similique. Beatae quas recusandae eveniet nulla.', 1, '2019-03-06 19:24:11', '2019-03-06 19:24:11'),
(5, 48, 'Rafael McClure', 'Adipisci ut vitae facilis veritatis. Exercitationem dolores consequatur natus quidem aperiam qui dolorem. Ut quam eligendi et voluptas autem. Minima accusantium possimus in atque fuga delectus neque.', 5, '2019-03-06 19:24:11', '2019-03-06 19:24:11'),
(6, 33, 'Dr. Tremaine Walter', 'Ab natus quasi dicta tenetur. Vitae velit atque incidunt architecto et quis rem. Consequuntur neque consequatur numquam tempore cupiditate doloremque ut. Autem doloremque rerum in non repellat.', 4, '2019-03-06 19:24:11', '2019-03-06 19:24:11'),
(7, 9, 'Enoch Mraz', 'Facere saepe totam vel dolorem rerum. Voluptatibus temporibus est velit expedita aperiam. Aliquid non cumque pariatur animi aut qui soluta sequi. Neque tenetur voluptas sit in id tempore quod numquam.', 5, '2019-03-06 19:24:11', '2019-03-06 19:24:11'),
(8, 21, 'Mr. Dagmar Conn', 'Vero similique non saepe voluptates deserunt dolorem. Pariatur totam rem autem et omnis. Non sit ad quibusdam dolores id ea. Atque tenetur aperiam autem sit sit qui.', 2, '2019-03-06 19:24:11', '2019-03-06 19:24:11'),
(9, 19, 'Reagan Tremblay DVM', 'A nihil provident quas. Modi in odio delectus cumque sunt voluptas. Temporibus quod vel exercitationem quod voluptate qui.', 1, '2019-03-06 19:24:11', '2019-03-06 19:24:11'),
(10, 42, 'Annette Walker', 'Ipsum sunt qui corporis ut ea laborum repellendus. Velit veritatis dolorum maxime voluptatem velit. Minima quam neque ipsum.', 2, '2019-03-06 19:24:11', '2019-03-06 19:24:11'),
(11, 43, 'Adaline Ernser', 'Nihil voluptatem impedit eum placeat sit. Sed ex sapiente commodi quasi voluptatum itaque totam. Quisquam reprehenderit provident in nostrum. Nulla similique voluptatem repellat aut quos ut asperiores id.', 1, '2019-03-06 19:24:11', '2019-03-06 19:24:11'),
(12, 12, 'Andreane Schaefer V', 'Dignissimos et odit ullam cupiditate magnam. At omnis voluptatem nobis labore eaque voluptatem aut. Illum dolorem aut impedit omnis. Nulla veritatis consequatur enim fugit repellat dolore doloremque.', 1, '2019-03-06 19:24:11', '2019-03-06 19:24:11'),
(13, 31, 'Leopoldo Bechtelar', 'Est quis nam minima. Ut esse magnam minus quia voluptatum. Assumenda soluta provident ratione. Saepe cum occaecati dolores atque tenetur dolorem.', 3, '2019-03-06 19:24:12', '2019-03-06 19:24:12'),
(14, 6, 'Nicholaus Corkery', 'Molestiae est aut quis quia. Unde voluptatibus aut aliquid ut omnis id. Repellat aut autem quia et voluptates. Facilis odio et enim rerum qui dolorem eos.', 5, '2019-03-06 19:24:12', '2019-03-06 19:24:12'),
(15, 11, 'Donato Thompson', 'Voluptate labore est accusamus harum odit. Ipsam ea libero iste. Fugiat adipisci ut possimus.', 4, '2019-03-06 19:24:12', '2019-03-06 19:24:12'),
(16, 32, 'Ms. Shanel Kshlerin IV', 'Velit libero et tenetur quis vitae autem voluptas et. Fugit sed saepe consequatur autem. Assumenda exercitationem modi reiciendis facere.', 5, '2019-03-06 19:24:12', '2019-03-06 19:24:12'),
(17, 36, 'Axel Ziemann IV', 'Soluta accusamus doloremque eos mollitia neque dolores. Aut veniam quod aliquid pariatur voluptatem non reprehenderit et. Itaque dolor dicta omnis similique voluptatem ut delectus totam. Rerum ipsa et culpa veritatis voluptatem numquam perferendis.', 4, '2019-03-06 19:24:12', '2019-03-06 19:24:12'),
(18, 25, 'Clara Bergstrom', 'Ipsum reprehenderit enim esse asperiores dicta hic et. Molestiae sit quis et deleniti repellendus ipsum fuga. Quibusdam assumenda consequatur omnis dolor unde saepe aut.', 5, '2019-03-06 19:24:12', '2019-03-06 19:24:12'),
(19, 27, 'Paxton Ward', 'Voluptas velit pariatur aliquid non. Qui ut eos non eum voluptatum optio. Velit sit nemo porro ad aut in voluptas. Odio nobis magni quod sint mollitia.', 4, '2019-03-06 19:24:12', '2019-03-06 19:24:12'),
(20, 28, 'Alexandria Leuschke', 'Nemo est provident totam dolor nemo qui ut. Repudiandae maxime in sunt cumque laboriosam ut. Molestiae qui consequatur corporis at in voluptatem rerum ut.', 2, '2019-03-06 19:24:12', '2019-03-06 19:24:12'),
(21, 4, 'Prof. Vladimir Sporer IV', 'Ea quo expedita magni ad sed est eaque. Earum aliquam nisi et et optio ut. Totam ratione atque similique asperiores.', 2, '2019-03-06 19:24:12', '2019-03-06 19:24:12'),
(22, 22, 'Prof. Ari Bradtke DDS', 'Repellat eos omnis ut voluptatum aut pariatur ex sit. Et dolores recusandae consequatur rerum sint. Et recusandae commodi earum a accusamus ex omnis aut.', 0, '2019-03-06 19:24:12', '2019-03-06 19:24:12'),
(23, 21, 'Charlene Corwin', 'Inventore et rem at qui sint fugit cupiditate. Dolores iure asperiores suscipit voluptas aliquam doloremque doloribus. Laudantium pariatur et nihil voluptatem dolorem ut. Veritatis doloribus eum architecto quas tempora voluptatem.', 4, '2019-03-06 19:24:12', '2019-03-06 19:24:12'),
(24, 16, 'Lexus Reilly I', 'Ut ad quis sit beatae sit velit delectus. Sit quasi minus incidunt inventore consequuntur et sed et. Et error iure autem qui veritatis aspernatur. Facere neque non et. Itaque possimus adipisci quia quia.', 0, '2019-03-06 19:24:12', '2019-03-06 19:24:12'),
(25, 2, 'Deion Schaefer', 'Debitis et et sed veniam omnis. Accusantium blanditiis exercitationem voluptas pariatur pariatur qui. Similique quo eum architecto.', 5, '2019-03-06 19:24:12', '2019-03-06 19:24:12'),
(26, 40, 'Ms. Norene Wuckert', 'Quibusdam tempore perspiciatis quos sequi magnam dolorem. Molestiae eligendi eaque error incidunt reiciendis laboriosam. Excepturi aut qui neque sit est molestiae aliquid consequuntur.', 4, '2019-03-06 19:24:12', '2019-03-06 19:24:12'),
(27, 37, 'Jordan Sanford MD', 'Et ab repellendus sed a nobis. Accusamus ab suscipit voluptate voluptatibus. Eligendi dolore accusantium explicabo quas quis soluta. Fugiat assumenda repellendus autem ut et ut ex.', 1, '2019-03-06 19:24:12', '2019-03-06 19:24:12'),
(28, 1, 'Dr. Wilhelmine Spencer', 'Temporibus quibusdam expedita repellat consequatur sint nisi eaque doloremque. Labore quia similique porro voluptas nam dicta. Enim impedit dignissimos aliquam fugiat soluta minima ut.', 0, '2019-03-06 19:24:12', '2019-03-06 19:24:12'),
(29, 19, 'Mrs. Nona Dare', 'Tempora minima repellat expedita tempora non eum. Fuga soluta sit dolorem. Culpa dolor hic nobis ut sit voluptate.', 0, '2019-03-06 19:24:12', '2019-03-06 19:24:12'),
(30, 26, 'Kamren Ullrich', 'Ut asperiores veritatis eaque non error. Quia dolores ipsa et consequatur vero et temporibus modi. Consequatur hic nemo consequatur illum.', 5, '2019-03-06 19:24:12', '2019-03-06 19:24:12'),
(31, 5, 'Dr. Roma Gaylord', 'Repellat nulla deleniti et officiis sed. Fugiat animi delectus ducimus sed tenetur odit nam. Asperiores at iste neque qui aperiam aspernatur non nulla.', 3, '2019-03-06 19:24:12', '2019-03-06 19:24:12'),
(32, 3, 'Mara Mueller', 'Error voluptas dolores ab sed qui. Ut et sunt at quo officiis hic veniam error.', 5, '2019-03-06 19:24:12', '2019-03-06 19:24:12'),
(33, 31, 'Prof. Werner Abbott III', 'Beatae velit vero in natus ullam autem. Velit ut autem atque velit. Et eos ad aut.', 4, '2019-03-06 19:24:12', '2019-03-06 19:24:12'),
(34, 38, 'Dana Huel', 'Earum temporibus molestias debitis repellat tempora occaecati. Consequatur ratione neque temporibus nihil voluptatum magnam. Suscipit voluptatem incidunt corrupti totam. Esse in natus excepturi nemo omnis quidem. Qui non iure officiis consequuntur.', 3, '2019-03-06 19:24:13', '2019-03-06 19:24:13'),
(35, 18, 'Dudley Cummerata', 'Laborum rerum est similique. Error atque porro occaecati aperiam. Ab minus quaerat autem qui reiciendis. Quia eum numquam molestiae accusantium.', 0, '2019-03-06 19:24:13', '2019-03-06 19:24:13'),
(36, 22, 'Randal Parisian DDS', 'Atque quisquam deleniti optio autem eligendi et provident est. A deserunt enim sunt quia. Veritatis dolores necessitatibus veniam repudiandae non voluptatem. Qui provident ipsa iste itaque quia consequatur dolorem.', 3, '2019-03-06 19:24:13', '2019-03-06 19:24:13'),
(37, 38, 'Dr. Davin Fahey', 'Animi ducimus neque quis temporibus. Maiores voluptatibus velit ut architecto. Est dolores natus voluptas et autem error.', 0, '2019-03-06 19:24:13', '2019-03-06 19:24:13'),
(38, 27, 'Vern Goyette', 'Amet sequi illum non in consequatur et. Impedit alias sunt aspernatur eaque et. Fuga voluptas repellat maiores praesentium a qui. Quod optio dolorem aspernatur sit.', 1, '2019-03-06 19:24:13', '2019-03-06 19:24:13'),
(39, 1, 'Angelina Hegmann', 'Nulla error consequatur eos maiores optio tenetur doloribus. Ea optio vel nemo totam eligendi dolor. Quis soluta ut eum nemo in aliquid. Non laborum repellat quia perspiciatis ea nostrum.', 1, '2019-03-06 19:24:13', '2019-03-06 19:24:13'),
(40, 32, 'Jazlyn Dooley DVM', 'Mollitia iusto quia iusto sunt autem autem. Ducimus occaecati qui culpa hic qui dolorum. Nihil quisquam culpa ea iure voluptas. Pariatur soluta corrupti eum.', 1, '2019-03-06 19:24:13', '2019-03-06 19:24:13'),
(41, 18, 'Ena Rice', 'Maxime dolorem voluptatibus sed et. Sequi qui rerum dolorem. Occaecati sed nostrum voluptate velit impedit eligendi ullam ratione.', 5, '2019-03-06 19:24:13', '2019-03-06 19:24:13'),
(42, 38, 'Orland Denesik', 'Aut corporis natus blanditiis voluptatem facere alias doloremque. Et incidunt cumque deserunt doloremque sed. Libero libero nihil exercitationem cum cupiditate autem dolor. At aspernatur dolores dolores adipisci neque enim ad et.', 2, '2019-03-06 19:24:13', '2019-03-06 19:24:13'),
(43, 9, 'Tess Torp', 'Et saepe culpa id asperiores et. Molestiae quo sapiente reiciendis inventore. Adipisci repellendus exercitationem dicta explicabo dolorem provident suscipit. Est quo facere debitis.', 0, '2019-03-06 19:24:13', '2019-03-06 19:24:13'),
(44, 46, 'Braeden McGlynn', 'Natus voluptatibus temporibus repellat vel quas sed. Inventore praesentium quia et tempore voluptatem. Earum dolor consequatur dolorem officia ea. Aut nam ut ratione debitis nisi.', 3, '2019-03-06 19:24:13', '2019-03-06 19:24:13'),
(45, 39, 'Florida King', 'Sit voluptas voluptate ut voluptatem velit sit voluptates. Ducimus sunt error ea repudiandae nisi alias. Fuga voluptatem error ab reiciendis voluptatem.', 4, '2019-03-06 19:24:13', '2019-03-06 19:24:13'),
(46, 40, 'Ms. Jammie Zboncak V', 'Iure pariatur adipisci enim quia modi ipsa. Sed unde quisquam quis consequatur eum voluptate consequatur. Est commodi aperiam iure.', 3, '2019-03-06 19:24:13', '2019-03-06 19:24:13'),
(47, 34, 'Mr. Obie Greenfelder', 'Quo quas est provident praesentium ratione veniam non aut. Quas ducimus labore totam. Voluptas temporibus occaecati atque earum in voluptatem nesciunt.', 0, '2019-03-06 19:24:13', '2019-03-06 19:24:13'),
(48, 43, 'Prof. Jewel Rodriguez', 'A explicabo molestiae iste ipsam reprehenderit nostrum adipisci. Ratione inventore mollitia rerum nemo saepe exercitationem. Sed omnis ut itaque laborum necessitatibus.', 4, '2019-03-06 19:24:13', '2019-03-06 19:24:13'),
(49, 18, 'Anibal Schultz', 'Sit odio culpa veritatis tenetur mollitia iusto. Voluptas dolorum ratione quia quis nemo qui labore. Blanditiis mollitia quis officiis quis facilis minima et asperiores. Eos tempore ullam eligendi corrupti sed hic ab nulla.', 0, '2019-03-06 19:24:13', '2019-03-06 19:24:13'),
(50, 26, 'Mr. Jordyn Turner', 'Quia temporibus pariatur a eum quam. Quis facere necessitatibus velit veritatis et. Voluptatem voluptatem qui quos. Sapiente exercitationem quidem sunt inventore vel voluptatem nisi et.', 4, '2019-03-06 19:24:13', '2019-03-06 19:24:13'),
(51, 26, 'Ella Davis', 'Atque id et dolores est ad. Laudantium ea sunt facilis et optio. Non suscipit rerum fuga corrupti accusamus. Omnis architecto omnis rerum impedit voluptas harum corporis.', 3, '2019-03-06 19:24:13', '2019-03-06 19:24:13'),
(52, 18, 'Calista Harvey V', 'Ad rerum quis officia dolores rem. Incidunt consequatur at quibusdam voluptatibus quod provident earum. Sed consectetur consequatur est at. Veniam laudantium aut voluptas necessitatibus dolorum.', 0, '2019-03-06 19:24:13', '2019-03-06 19:24:13'),
(53, 2, 'Dejuan Morissette', 'Autem error illum officia id delectus sit corporis et. Quod qui ea voluptatem molestias alias et. Quia adipisci enim suscipit eveniet.', 1, '2019-03-06 19:24:13', '2019-03-06 19:24:13'),
(54, 2, 'Jarod Upton', 'Sunt et dicta ratione qui cupiditate. Quia laboriosam velit sed eos.', 1, '2019-03-06 19:24:13', '2019-03-06 19:24:13'),
(55, 50, 'Nyah Veum PhD', 'Beatae nobis minima officiis incidunt ipsam officia vel tenetur. Recusandae repellendus est consequatur quae molestiae nostrum quibusdam. Qui sint necessitatibus et voluptatum perferendis exercitationem.', 1, '2019-03-06 19:24:14', '2019-03-06 19:24:14'),
(56, 5, 'Adah Rolfson', 'Laudantium placeat provident omnis. Pariatur nemo ut quae quam dignissimos. Aut exercitationem inventore aliquam accusamus et.', 1, '2019-03-06 19:24:14', '2019-03-06 19:24:14'),
(57, 3, 'Amina Ryan', 'In et omnis et et ut tempora error voluptate. Sit laudantium eaque qui iure suscipit libero vel odio. Aspernatur enim repellat aut. Omnis et voluptas facilis voluptas quia assumenda nemo.', 0, '2019-03-06 19:24:14', '2019-03-06 19:24:14'),
(58, 14, 'Euna Hoppe', 'Mollitia saepe ipsa in soluta veniam eos. Dolorem distinctio quisquam commodi ipsam. Voluptatem magni laborum quis voluptas nihil debitis.', 4, '2019-03-06 19:24:14', '2019-03-06 19:24:14'),
(59, 22, 'Ms. Heath Ankunding', 'Velit animi ea quod. Occaecati cupiditate sapiente sint a.', 3, '2019-03-06 19:24:14', '2019-03-06 19:24:14'),
(60, 43, 'Mr. Lamar Rolfson', 'Delectus officia eius laboriosam iste. Autem debitis eaque et. Autem accusamus alias inventore facere atque sit id.', 0, '2019-03-06 19:24:14', '2019-03-06 19:24:14'),
(61, 16, 'Kevin Kovacek', 'Magnam provident cupiditate harum nulla id eos et. Illum dolorem quae eos eius impedit qui. Veniam cupiditate nostrum debitis accusantium inventore consequatur blanditiis.', 2, '2019-03-06 19:24:14', '2019-03-06 19:24:14'),
(62, 25, 'Prof. Bernard Sanford V', 'Maxime qui voluptas porro odit amet odit architecto. Et perspiciatis minima at quisquam officiis impedit voluptas. Asperiores deleniti quidem esse sint.', 5, '2019-03-06 19:24:14', '2019-03-06 19:24:14'),
(63, 18, 'Ms. Carmela McKenzie Jr.', 'Molestias sint aut autem voluptas maxime eum. Necessitatibus suscipit voluptatem fugiat. Nemo veritatis odit laudantium et hic natus voluptas.', 0, '2019-03-06 19:24:14', '2019-03-06 19:24:14'),
(64, 40, 'Norbert Stracke III', 'Perferendis qui ipsum ratione maxime. Voluptas voluptatibus ratione blanditiis repellat. Error quia voluptates qui ex aliquid unde inventore voluptatibus. Laboriosam impedit quibusdam velit nihil quis iure.', 4, '2019-03-06 19:24:14', '2019-03-06 19:24:14'),
(65, 26, 'Miss June McGlynn DVM', 'A et vitae voluptatum. Repudiandae perferendis enim incidunt maxime molestiae aut. Ducimus qui modi facere illo et unde. Voluptatum quasi illum error.', 2, '2019-03-06 19:24:14', '2019-03-06 19:24:14'),
(66, 13, 'Henry O\'Conner', 'Ducimus non qui suscipit ut quia impedit. Ipsum ea et ut aut. Quae iusto totam et asperiores autem ea iste.', 2, '2019-03-06 19:24:14', '2019-03-06 19:24:14'),
(67, 22, 'Mrs. Norma Kertzmann III', 'Quam qui nisi tempore. Dignissimos quidem nobis nulla ut enim. Consequatur recusandae et perferendis tempore eum et corrupti exercitationem.', 5, '2019-03-06 19:24:14', '2019-03-06 19:24:14'),
(68, 13, 'Nasir Abshire', 'Sed corporis voluptas quis eos velit molestiae. Quod ut ex minus. Et quasi excepturi et ut nemo magni repellat.', 4, '2019-03-06 19:24:14', '2019-03-06 19:24:14'),
(69, 11, 'Tabitha Wiegand', 'Dignissimos et repellendus reiciendis. Quibusdam unde sequi reiciendis reprehenderit consequatur. Et sit et ab ut nemo eum vitae. Ut sint voluptate repellat consequuntur iure aut.', 5, '2019-03-06 19:24:14', '2019-03-06 19:24:14'),
(70, 14, 'Lacy Ernser', 'Mollitia ea placeat voluptate officiis. Accusamus vel voluptates voluptatum suscipit officia suscipit molestiae non. Molestias sit facere nesciunt voluptatem.', 5, '2019-03-06 19:24:14', '2019-03-06 19:24:14'),
(71, 27, 'Giovanny Hodkiewicz', 'Voluptates sed placeat asperiores. Voluptas veritatis aut omnis. Voluptates in quaerat blanditiis ut.', 1, '2019-03-06 19:24:14', '2019-03-06 19:24:14'),
(72, 48, 'Ryder Zboncak', 'Perferendis eos magnam necessitatibus et voluptatem. Quo hic enim debitis reiciendis deleniti hic. Magni a ab autem ut laudantium amet voluptas.', 4, '2019-03-06 19:24:14', '2019-03-06 19:24:14'),
(73, 21, 'Miss Katelin Williamson', 'Magnam recusandae repellendus est ullam maiores. Sunt non minus sed quia esse hic. Est quam laborum incidunt ea. Corrupti quos nisi architecto.', 2, '2019-03-06 19:24:14', '2019-03-06 19:24:14'),
(74, 28, 'Estel Kuhlman', 'Ut autem dolor tempora nulla nisi consectetur beatae. Suscipit molestiae consequatur et necessitatibus rerum.', 5, '2019-03-06 19:24:14', '2019-03-06 19:24:14'),
(75, 23, 'Miss Velva Mosciski', 'Quae tenetur quis quo magni quo repellat blanditiis. Sapiente illo quod sequi deserunt id consequuntur. Et assumenda aut voluptates architecto molestiae odio. Ad dolorem perferendis modi eos aliquam sed alias molestias.', 1, '2019-03-06 19:24:14', '2019-03-06 19:24:14'),
(76, 21, 'Nicholaus Collins', 'Aperiam autem repellendus voluptas commodi quis tempore. Possimus unde numquam dignissimos quo natus. Cum et deleniti accusamus et tenetur quam aut. Eos error nesciunt qui iste sint harum.', 4, '2019-03-06 19:24:14', '2019-03-06 19:24:14'),
(77, 48, 'Belle Cole', 'At id sint unde qui. Deserunt quas totam dolores itaque cumque eligendi. Id voluptatem sequi consequatur.', 5, '2019-03-06 19:24:15', '2019-03-06 19:24:15'),
(78, 5, 'Rogers DuBuque Jr.', 'Omnis modi nesciunt beatae. Qui minima repudiandae fugiat. Voluptatem autem asperiores officia libero.', 4, '2019-03-06 19:24:15', '2019-03-06 19:24:15'),
(79, 20, 'Prof. Ardith Graham PhD', 'Quia enim blanditiis sit ut qui quibusdam. Pariatur et sit enim incidunt quos. Accusantium et aut repellat sed fugiat praesentium exercitationem.', 1, '2019-03-06 19:24:15', '2019-03-06 19:24:15'),
(80, 12, 'Marisol Daniel', 'Reiciendis quo dicta tempora debitis culpa dolor. Nulla animi sint et et dolore. Quis earum dolorum culpa occaecati unde sed id reiciendis.', 5, '2019-03-06 19:24:15', '2019-03-06 19:24:15'),
(81, 5, 'Cullen Runolfsdottir', 'Nihil qui facilis doloribus molestiae occaecati sit ut dolorem. Nobis hic molestiae magni ea dolorem occaecati perspiciatis qui. Sunt aperiam praesentium quo eos magnam ut quae.', 4, '2019-03-06 19:24:15', '2019-03-06 19:24:15'),
(82, 27, 'Prof. Austen Hermiston MD', 'Possimus officia et et velit laboriosam. Omnis necessitatibus minima neque laudantium non adipisci ea eaque. Praesentium vitae hic ut et.', 0, '2019-03-06 19:24:15', '2019-03-06 19:24:15'),
(83, 19, 'Ana Hirthe', 'Pariatur vitae voluptatem in veritatis accusantium ipsa dolorum voluptas. Sed molestiae nesciunt iure aut et qui consequuntur dolores. Eius excepturi explicabo expedita velit debitis.', 4, '2019-03-06 19:24:15', '2019-03-06 19:24:15'),
(84, 3, 'Ian Gerlach', 'Et esse blanditiis nesciunt autem quod. Qui nisi dolore accusamus rem quia adipisci quo. Ullam eos quia maiores alias. Quisquam et voluptatem quis.', 2, '2019-03-06 19:24:15', '2019-03-06 19:24:15'),
(85, 20, 'Lesley Schneider III', 'Libero atque ducimus et labore repudiandae quos officiis beatae. Laudantium ipsum alias alias sequi voluptatum et repellat consequuntur. Laborum qui doloremque itaque dolor aut corporis laudantium. Blanditiis aut reprehenderit voluptatibus minus ut nihil.', 1, '2019-03-06 19:24:15', '2019-03-06 19:24:15'),
(86, 13, 'Erik Towne', 'Nulla animi et libero qui non. Consequatur sint voluptatem nostrum nobis. Nesciunt voluptatibus asperiores nesciunt sed aut.', 0, '2019-03-06 19:24:15', '2019-03-06 19:24:15'),
(87, 26, 'Jalyn Brakus', 'Voluptas beatae et qui ut sunt. Eaque autem ullam illo voluptatem hic eaque. Earum ipsam sequi consequatur ut nulla voluptate.', 1, '2019-03-06 19:24:15', '2019-03-06 19:24:15'),
(88, 45, 'Toy Becker', 'Iusto ipsum sit et commodi non. Eum dolorum qui consequuntur quia non et sunt. Occaecati asperiores asperiores deserunt aut nostrum est. Ut neque et dolor qui incidunt ducimus quod.', 0, '2019-03-06 19:24:15', '2019-03-06 19:24:15'),
(89, 47, 'Lamar Marks', 'Vel dignissimos magnam omnis ut qui molestias. Hic eligendi autem omnis itaque ut. Id reprehenderit sequi qui ipsa.', 3, '2019-03-06 19:24:15', '2019-03-06 19:24:15'),
(90, 1, 'Martin Hane', 'Quae excepturi aliquam nobis sint vel qui. Recusandae ut eveniet nisi unde voluptates. Et molestiae repellendus temporibus fuga cumque voluptatibus.', 4, '2019-03-06 19:24:15', '2019-03-06 19:24:15'),
(91, 38, 'Miss Frida Parker', 'Sed qui quis enim quia et molestiae. Est eos aut corrupti minus voluptatum. At et et asperiores porro. Enim vel dignissimos odit dolorem dolorum quos non.', 5, '2019-03-06 19:24:15', '2019-03-06 19:24:15'),
(92, 22, 'Lucinda Ernser', 'Debitis qui culpa temporibus non veniam. Asperiores consequatur voluptatem consequatur voluptas dolorem. Libero aut quo voluptatem dicta animi qui. Qui soluta eligendi repudiandae dolor perferendis. Possimus expedita ducimus corrupti blanditiis atque.', 0, '2019-03-06 19:24:15', '2019-03-06 19:24:15'),
(93, 24, 'Bianka Russel', 'Quas autem enim deleniti. Voluptatum libero quaerat ipsa praesentium. Cumque veritatis est sunt ipsam officiis.', 4, '2019-03-06 19:24:15', '2019-03-06 19:24:15'),
(94, 8, 'Candace Auer', 'Totam excepturi tempora suscipit temporibus id. Aliquam velit dolorum similique maxime consectetur hic. Totam laboriosam culpa voluptatibus odio.', 5, '2019-03-06 19:24:15', '2019-03-06 19:24:15'),
(95, 32, 'Prof. Logan Collier', 'Fugiat cumque dolores necessitatibus reprehenderit. Aperiam aut voluptatem molestiae quod. Ullam aut fugit quibusdam qui ea.', 5, '2019-03-06 19:24:15', '2019-03-06 19:24:15'),
(96, 39, 'Cade Botsford', 'Odit eligendi eius explicabo quis sint veritatis aliquam. Necessitatibus inventore tenetur aut voluptates esse debitis ipsam. Impedit at optio nisi maiores deleniti explicabo.', 2, '2019-03-06 19:24:15', '2019-03-06 19:24:15'),
(97, 20, 'Jaden Altenwerth MD', 'Laudantium accusantium distinctio omnis alias illo quas. Tenetur vel pariatur numquam quod qui. Veritatis aut ducimus consequuntur voluptatem incidunt mollitia. Voluptates non voluptas blanditiis molestias officia voluptatum.', 4, '2019-03-06 19:24:16', '2019-03-06 19:24:16'),
(98, 32, 'Hollie Ferry', 'Esse at architecto et in neque sint. Rerum id ab nobis cum assumenda. Et ut omnis deleniti vel saepe facilis aut.', 0, '2019-03-06 19:24:16', '2019-03-06 19:24:16'),
(99, 10, 'Abbie Parisian IV', 'Est molestiae quia iure eos eos ex voluptas. Officia quidem vero placeat qui nulla qui et. Et nostrum harum esse neque.', 3, '2019-03-06 19:24:16', '2019-03-06 19:24:16'),
(100, 26, 'Prof. Hyman Runolfsson', 'Aut quia repellat enim tempore laboriosam voluptatem est. Dolores soluta optio quasi delectus et optio officiis. Omnis alias architecto deserunt rerum aut earum autem similique. Tenetur ex repellendus necessitatibus distinctio voluptate in ullam.', 1, '2019-03-06 19:24:16', '2019-03-06 19:24:16'),
(101, 20, 'Harley Batz', 'Voluptatem id quia cumque ut ea illum. Tenetur maxime nisi reprehenderit voluptate tempore. Dignissimos eaque placeat dolores. Distinctio et consequatur dignissimos odio libero. Enim id et at quia optio.', 0, '2019-03-06 19:24:16', '2019-03-06 19:24:16'),
(102, 8, 'Roman Lind', 'Mollitia incidunt consequatur odit numquam quod eius totam. Iusto quasi ullam autem aut aut consectetur dolor. Ex autem possimus aspernatur sint et voluptatem. Ea est neque pariatur quae.', 5, '2019-03-06 19:24:16', '2019-03-06 19:24:16'),
(103, 38, 'Dane Osinski', 'Ex placeat rerum est qui. Omnis beatae distinctio aut tempore accusamus modi placeat. Molestiae velit non autem nam eum. Dolorem et qui ipsa assumenda voluptas similique quod unde.', 4, '2019-03-06 19:24:16', '2019-03-06 19:24:16'),
(104, 16, 'Magnus Bogan', 'Numquam beatae cumque voluptate quam dignissimos dolorum qui. Illum sit labore laborum dolore quos tempore velit.', 5, '2019-03-06 19:24:16', '2019-03-06 19:24:16'),
(105, 40, 'America Gutkowski', 'Adipisci quia et incidunt natus impedit labore. Quae consectetur temporibus et sapiente quasi sequi voluptatibus ut. Dolores et cum nihil dolore rem aliquid quia. Placeat nihil dolores voluptate non. Rerum consequuntur tempora eum nihil veritatis eveniet.', 0, '2019-03-06 19:24:16', '2019-03-06 19:24:16'),
(106, 27, 'Nicolas Lakin', 'Atque expedita quidem iure exercitationem voluptas nam. Inventore vitae illo reiciendis et. Et vel enim qui libero praesentium voluptas. Cum accusantium sit vero.', 2, '2019-03-06 19:24:16', '2019-03-06 19:24:16'),
(107, 11, 'Louie Stark II', 'Vitae maiores veniam eum aut qui sapiente. Rerum magni illo qui est amet optio eos beatae.', 0, '2019-03-06 19:24:16', '2019-03-06 19:24:16'),
(108, 49, 'Mr. Harley Bartoletti Sr.', 'Nemo eos similique quasi unde. Earum aut qui officiis sed qui numquam error. Sit nihil in minima voluptates aperiam asperiores harum rerum. Modi odit possimus maxime inventore quo laudantium aut consectetur.', 2, '2019-03-06 19:24:16', '2019-03-06 19:24:16'),
(109, 38, 'Kyla Powlowski', 'Aliquam dignissimos nihil cumque dolorem amet perspiciatis similique. Nihil laboriosam maiores aut est est. Voluptatem blanditiis excepturi est est quia. Aut reiciendis tempora atque temporibus qui placeat.', 1, '2019-03-06 19:24:16', '2019-03-06 19:24:16'),
(110, 36, 'Darrell Stroman PhD', 'Quia eius vero aut voluptatem dolores voluptatibus recusandae. Est animi et minima. Non aperiam aliquam consequuntur temporibus consectetur sequi non. Voluptatibus corrupti earum doloribus et rerum.', 0, '2019-03-06 19:24:16', '2019-03-06 19:24:16'),
(111, 26, 'Kristy Berge', 'Nihil illum totam voluptate provident quia architecto eligendi iure. Ut illo numquam nesciunt eius. Magnam neque inventore est facilis quas temporibus. Nihil nulla illo possimus. Architecto laboriosam alias facere in ex.', 1, '2019-03-06 19:24:16', '2019-03-06 19:24:16'),
(112, 46, 'Sadye Howell', 'Quae inventore ratione iusto magnam consequatur quasi facere. Consequatur voluptatem sed et dolorem id. Possimus illum animi voluptatum.', 0, '2019-03-06 19:24:16', '2019-03-06 19:24:16'),
(113, 18, 'Marjorie Herzog IV', 'Beatae aut et eaque sint aut quia eaque. Ad sint eligendi qui doloremque nulla aut. Quibusdam quibusdam enim molestiae quidem aperiam nemo.', 1, '2019-03-06 19:24:16', '2019-03-06 19:24:16'),
(114, 6, 'Felicia Ernser', 'Qui praesentium quo omnis pariatur quia a. Ad quam possimus dolor repellat ipsa cum commodi. Incidunt incidunt quia explicabo rerum quaerat ipsam itaque. Consequatur quisquam nihil maiores.', 2, '2019-03-06 19:24:16', '2019-03-06 19:24:16'),
(115, 11, 'Corrine Grant', 'Delectus cum consequatur aut dolore quod sint. Ipsam laudantium quis tempora sed aut vel cumque. Debitis rerum deserunt impedit quia placeat occaecati. Repellendus qui voluptates assumenda voluptatem molestias laudantium. Qui aperiam occaecati voluptatem.', 4, '2019-03-06 19:24:16', '2019-03-06 19:24:16'),
(116, 50, 'Rashawn D\'Amore', 'Voluptas maiores expedita ipsa at ab. Incidunt qui eos consequatur. Voluptatum impedit facilis velit perferendis quidem voluptate. Voluptatem dolorum consequatur iusto deleniti voluptatibus tempore.', 3, '2019-03-06 19:24:16', '2019-03-06 19:24:16'),
(117, 24, 'Domenica Davis Jr.', 'Necessitatibus quod atque pariatur aut. Minima iure iure deserunt ab consequuntur similique sed. Provident atque sed aut inventore voluptatem ipsum hic.', 1, '2019-03-06 19:24:16', '2019-03-06 19:24:16'),
(118, 26, 'Taya Weber', 'Odio nam dolor veniam iusto. Magni libero sequi libero blanditiis est aperiam est aliquam. Eos expedita ab et voluptatum. Autem excepturi aut rerum possimus repellendus qui.', 0, '2019-03-06 19:24:16', '2019-03-06 19:24:16'),
(119, 17, 'Anika Pfeffer', 'Distinctio non ut illum qui ut. Qui quidem explicabo dolorem. Sint reprehenderit optio adipisci.', 1, '2019-03-06 19:24:16', '2019-03-06 19:24:16'),
(120, 50, 'Mrs. Ramona Little MD', 'Sit voluptatem officia consequatur provident tenetur. Qui vel provident enim vero recusandae.', 1, '2019-03-06 19:24:16', '2019-03-06 19:24:16'),
(121, 13, 'Mrs. Daniela Homenick', 'Nobis exercitationem et modi at qui blanditiis. Et ab nihil aperiam et. Non eum quia porro sequi vel vel ut.', 4, '2019-03-06 19:24:16', '2019-03-06 19:24:16'),
(122, 29, 'Betsy Balistreri', 'Modi consectetur doloremque debitis ea optio inventore. Aspernatur accusantium tempora ut suscipit. Ex aut praesentium commodi aut voluptatibus vel eaque. Eligendi ipsa est sed. Et nulla ut labore animi.', 4, '2019-03-06 19:24:16', '2019-03-06 19:24:16'),
(123, 23, 'Kianna Robel', 'Ad facilis odit officia dolor quibusdam ullam. Error corporis voluptatem non temporibus odio in. Ea impedit ipsum et in. Tempora libero ducimus aut assumenda aut.', 4, '2019-03-06 19:24:16', '2019-03-06 19:24:16'),
(124, 43, 'Alena Kling IV', 'Fugit et deleniti illum rerum. Consectetur rerum natus et saepe unde illo animi voluptas. Rerum animi ipsum ea necessitatibus nobis. Quod iusto soluta incidunt maiores quod aut dignissimos.', 1, '2019-03-06 19:24:17', '2019-03-06 19:24:17'),
(125, 38, 'Arch Effertz', 'Ducimus et voluptas reprehenderit harum. Iste impedit quod nemo ipsa sed cupiditate. Reiciendis necessitatibus ad voluptas veritatis aut. Quia aut ducimus amet autem sed sit voluptates qui.', 3, '2019-03-06 19:24:17', '2019-03-06 19:24:17'),
(126, 2, 'Maymie Gerlach', 'Consequatur sint nobis sequi omnis. Consequatur explicabo officiis necessitatibus ea. Cupiditate aperiam praesentium et odit dicta voluptatem qui.', 5, '2019-03-06 19:24:17', '2019-03-06 19:24:17'),
(127, 13, 'Margie Thompson', 'Eligendi reprehenderit necessitatibus in exercitationem et et aliquam. Vel cum dignissimos non in repellat. Ab voluptatem est qui modi.', 1, '2019-03-06 19:24:17', '2019-03-06 19:24:17'),
(128, 48, 'Ms. Anabelle Walter MD', 'Aspernatur id velit voluptas nihil. Est repellendus cum architecto fugit et id. Quos et at non facilis est qui aliquid sit.', 1, '2019-03-06 19:24:17', '2019-03-06 19:24:17'),
(129, 21, 'Lonie Hagenes', 'Asperiores eum accusamus ipsam incidunt et quo. Nostrum provident eligendi totam qui architecto ducimus. Qui in tenetur aut possimus est iste. Cum minima est quos possimus autem omnis natus nihil.', 3, '2019-03-06 19:24:17', '2019-03-06 19:24:17'),
(130, 3, 'Calista Jast', 'Minima et doloremque ea doloremque ut officia. Nostrum architecto expedita et ea ratione. Ad possimus officia recusandae culpa sunt.', 3, '2019-03-06 19:24:17', '2019-03-06 19:24:17'),
(131, 6, 'Prof. Benny Olson PhD', 'Repellendus harum velit ducimus accusamus et corporis omnis rem. Et quis iure consequatur in. Non doloremque eum autem doloremque. Ducimus ut corporis quo eligendi dolores. Odio consequatur consequatur labore suscipit.', 1, '2019-03-06 19:24:17', '2019-03-06 19:24:17'),
(132, 22, 'Olin Botsford DDS', 'Non qui non dolorum eaque enim commodi ipsam corrupti. Tenetur quia ab ab non. Veritatis atque aut eveniet recusandae placeat quo repellat. Ipsa qui et maiores voluptatem iusto soluta expedita.', 5, '2019-03-06 19:24:17', '2019-03-06 19:24:17'),
(133, 22, 'Prof. Edwina Torp', 'Dolorem harum laboriosam quia saepe. Voluptates iure eum et quo fugit dolorum amet dolor. Maiores modi nihil qui nihil ut asperiores dolorem.', 1, '2019-03-06 19:24:17', '2019-03-06 19:24:17'),
(134, 6, 'Flavio Ankunding', 'Non consequuntur dicta recusandae quod. Ut et nam cumque sit nesciunt quia at. Cum magnam quia odio voluptatem non libero. Similique beatae provident voluptatem voluptatem.', 2, '2019-03-06 19:24:17', '2019-03-06 19:24:17'),
(135, 34, 'Prof. Aimee Bernhard II', 'Consectetur veniam harum in ut voluptatibus quisquam. Quia nihil expedita velit ea voluptatem sit quos. Rerum ipsam dicta error perferendis officia ut est. Corrupti et consequatur et. Recusandae consectetur eius pariatur neque.', 2, '2019-03-06 19:24:17', '2019-03-06 19:24:17'),
(136, 21, 'Trenton Nikolaus', 'Laudantium eum quisquam sit corrupti aut neque voluptatibus. Dolorem fuga nihil soluta veritatis totam. Enim magnam enim repellat quidem dolorem voluptas aut.', 0, '2019-03-06 19:24:17', '2019-03-06 19:24:17'),
(137, 9, 'Prof. Zander Goyette Jr.', 'Voluptatibus eveniet et qui ut ut quos. Tempora minima natus fugit vel. Nam quas animi aut nemo sunt sit nihil culpa. Ex numquam voluptas aut quod accusamus veritatis dolores mollitia. Dolores qui aliquid maxime quaerat quis dolores ea.', 2, '2019-03-06 19:24:17', '2019-03-06 19:24:17'),
(138, 33, 'Korey Bins', 'Ut qui consequatur dolorem ducimus est rerum impedit et. Facilis expedita quia qui animi vel nemo eum quo. Doloribus atque reiciendis et rerum. Repellendus nihil optio sed quibusdam harum.', 3, '2019-03-06 19:24:17', '2019-03-06 19:24:17'),
(139, 10, 'Alysson Towne', 'Amet et voluptas recusandae odio minus itaque quo. Consequatur et voluptas veniam dolor. Neque sunt sint sint eveniet sint. Molestiae explicabo culpa velit quia sed non.', 4, '2019-03-06 19:24:17', '2019-03-06 19:24:17'),
(140, 14, 'Onie Rippin V', 'Voluptatem incidunt possimus exercitationem necessitatibus eos officia. Ut repudiandae dolore ut distinctio. Aut voluptatibus saepe earum in. Sed voluptates dolores accusamus minima.', 2, '2019-03-06 19:24:17', '2019-03-06 19:24:17'),
(141, 34, 'Prof. Margie Wuckert II', 'Perferendis qui aut laboriosam. Doloribus aut velit minima deleniti qui quos sequi suscipit. Quia dolorum qui commodi quae voluptas.', 0, '2019-03-06 19:24:17', '2019-03-06 19:24:17'),
(142, 20, 'Dr. Orie Brakus DDS', 'Et blanditiis est alias ut et aut debitis deleniti. Aut eum corrupti distinctio eveniet earum quis.', 3, '2019-03-06 19:24:17', '2019-03-06 19:24:17'),
(143, 26, 'Ines Gorczany PhD', 'Dicta ut laudantium voluptatem tempore. Et blanditiis autem ut id expedita quibusdam ut.', 3, '2019-03-06 19:24:17', '2019-03-06 19:24:17'),
(144, 17, 'Angeline Schaden', 'Ut doloremque deserunt atque et sapiente dolorem. Saepe quidem atque rerum ad dolorem est omnis enim. Sed aperiam earum cum et ipsa dolores.', 1, '2019-03-06 19:24:17', '2019-03-06 19:24:17'),
(145, 37, 'Amani Berge', 'Et recusandae amet quo distinctio voluptate blanditiis iusto. Laboriosam qui qui provident voluptate provident. Sit dolorum sint laudantium impedit vitae quam repellat.', 1, '2019-03-06 19:24:17', '2019-03-06 19:24:17'),
(146, 35, 'Mrs. Muriel Parisian', 'Illo laboriosam dolorem est magni et ratione voluptatem nemo. Non ex quaerat quisquam est. Architecto eos occaecati reprehenderit non sed et aliquid. Ut omnis vitae officia commodi laudantium.', 2, '2019-03-06 19:24:17', '2019-03-06 19:24:17'),
(147, 12, 'Kaia Little MD', 'Qui voluptatem eum ipsum. Et et dicta impedit et consequuntur quidem. Ratione quibusdam vero fugiat. Et sint nostrum aut.', 4, '2019-03-06 19:24:17', '2019-03-06 19:24:17'),
(148, 28, 'Kari Dietrich', 'Rerum est est optio. Aut autem sit dolore quae tenetur laboriosam fuga. Sint nihil minima nesciunt ea et aut at.', 3, '2019-03-06 19:24:17', '2019-03-06 19:24:17'),
(149, 39, 'Orpha Bailey', 'Dolor dicta sunt qui omnis quidem eius dicta. Illum ea sed est minus. Placeat in enim sint voluptatibus.', 0, '2019-03-06 19:24:17', '2019-03-06 19:24:17'),
(150, 12, 'Minnie Weimann', 'In reprehenderit in reprehenderit et ducimus. Impedit itaque eaque fugiat et ipsam. Occaecati expedita error doloremque omnis nulla. Rem qui quis consequatur quaerat.', 3, '2019-03-06 19:24:17', '2019-03-06 19:24:17'),
(151, 36, 'Christopher Zemlak', 'Cumque facilis non eius est provident et nobis. Quis laudantium velit iure dolorem. Dignissimos in incidunt cupiditate dolorum expedita quod beatae esse.', 5, '2019-03-06 19:24:17', '2019-03-06 19:24:17'),
(152, 50, 'Jeramy Cronin IV', 'Voluptates omnis placeat eum accusantium quia sunt minus. Aut quas autem aut perspiciatis. Qui nesciunt quos aperiam ut modi. Suscipit dolore voluptate omnis et rem.', 5, '2019-03-06 19:24:17', '2019-03-06 19:24:17'),
(153, 15, 'Nelda Effertz V', 'Eum suscipit velit expedita reiciendis iste. Aliquid veniam ratione eum consequatur dolorem. Debitis perferendis sint et qui voluptatem qui. Neque magni repudiandae minima voluptatem.', 3, '2019-03-06 19:24:17', '2019-03-06 19:24:17'),
(154, 18, 'Catherine Lemke', 'Corrupti nihil assumenda autem in. Id aut quia alias impedit voluptas laborum tempora eum. Nesciunt quia nisi itaque vero laudantium. Est beatae explicabo modi at ut totam ipsum inventore. Dolores quod amet fugit illum minus officia laborum ea.', 5, '2019-03-06 19:24:17', '2019-03-06 19:24:17'),
(155, 34, 'Noemie Green', 'Itaque voluptatem in debitis et corrupti doloremque voluptatem. Itaque natus consequatur hic reprehenderit. Quod amet ullam non consequatur consequatur. Suscipit iusto esse iure non dolor.', 5, '2019-03-06 19:24:17', '2019-03-06 19:24:17'),
(156, 5, 'Bret Stroman', 'Ut amet aliquid quaerat accusamus exercitationem. Blanditiis non aliquid et temporibus praesentium. Eligendi in et non quia voluptate voluptatem.', 3, '2019-03-06 19:24:17', '2019-03-06 19:24:17'),
(157, 13, 'Laura Friesen', 'Voluptatem ipsum ratione laudantium quis doloremque itaque sit. Optio quam vero quia qui dicta. Explicabo rerum in quas consectetur a sit.', 4, '2019-03-06 19:24:18', '2019-03-06 19:24:18'),
(158, 19, 'Annalise Waters', 'Libero quia quam et aperiam voluptatum velit dolor beatae. Quidem ea inventore maiores blanditiis aut numquam. Dolorum nemo eos id omnis eum.', 2, '2019-03-06 19:24:18', '2019-03-06 19:24:18'),
(159, 46, 'Veronica Boyle PhD', 'Velit est voluptatum quibusdam itaque quia. Temporibus ut vel in quia porro. Tenetur ab reiciendis necessitatibus. Quia hic earum magnam assumenda autem non ab.', 0, '2019-03-06 19:24:18', '2019-03-06 19:24:18'),
(160, 27, 'Mrs. Emelie Bode', 'Tempora asperiores eos voluptatem. Dolorum tenetur omnis totam ut dolore nostrum. Architecto rerum velit ea consequuntur et. Facilis necessitatibus voluptatem dolor repudiandae animi repellat.', 3, '2019-03-06 19:24:18', '2019-03-06 19:24:18'),
(161, 22, 'Germaine Wintheiser', 'Non quae iste enim. Eius natus aperiam quam unde aut eaque. At nesciunt at repellat voluptatem inventore voluptatibus in et. Aut consequatur est itaque qui recusandae.', 3, '2019-03-06 19:24:18', '2019-03-06 19:24:18'),
(162, 28, 'Stefanie Pouros', 'Harum nostrum qui harum adipisci natus aut. Quia assumenda et optio autem. Maxime nisi excepturi ut porro animi. Est modi aliquid perferendis placeat voluptatum dolor sed.', 1, '2019-03-06 19:24:18', '2019-03-06 19:24:18'),
(163, 37, 'Lenore Romaguera', 'Sint omnis id quod consequatur qui nam aut. Incidunt ea doloribus sequi nostrum. Aperiam iusto consequatur vel incidunt vitae dicta iure.', 3, '2019-03-06 19:24:18', '2019-03-06 19:24:18'),
(164, 22, 'Cale Leffler', 'Id velit fugit adipisci aut quo voluptas. Excepturi dolores fuga magni iusto facilis qui perspiciatis. Deserunt repellendus officiis nobis.', 4, '2019-03-06 19:24:18', '2019-03-06 19:24:18'),
(165, 35, 'Yadira Champlin V', 'Vero minima minus nihil consequatur. Sed in qui ad officiis et. In dolorem error aut. Quas eum omnis consequatur voluptas veritatis. Tempora laudantium illo odit magni recusandae similique ipsum.', 1, '2019-03-06 19:24:18', '2019-03-06 19:24:18'),
(166, 21, 'Dr. Walton Gusikowski', 'Assumenda quam qui distinctio. Est laborum ipsam quod id qui. Repellat praesentium eius voluptatem adipisci sunt est. Natus quia numquam quia nisi cumque.', 5, '2019-03-06 19:24:18', '2019-03-06 19:24:18'),
(167, 5, 'Markus Zieme', 'Nostrum et ut est. Consectetur eaque molestiae sed eaque. Necessitatibus distinctio quia laudantium repellendus.', 3, '2019-03-06 19:24:18', '2019-03-06 19:24:18'),
(168, 44, 'Neva Koch', 'Nulla ea nam doloremque mollitia omnis a assumenda quod. Sint laborum voluptates commodi hic ut aliquid. Officia doloremque ullam qui.', 3, '2019-03-06 19:24:18', '2019-03-06 19:24:18'),
(169, 45, 'Luisa Funk IV', 'Qui qui blanditiis ab voluptatum aut et. A totam ut non molestiae fugit eaque iste. Possimus distinctio voluptas libero corporis placeat ea. Non voluptatem quo dolores voluptas eius totam.', 2, '2019-03-06 19:24:18', '2019-03-06 19:24:18'),
(170, 8, 'Alek Bechtelar', 'Velit aut explicabo maxime. Perferendis ex rem minus est facilis ipsum aut. Dolorem a temporibus perspiciatis quas nemo nulla architecto. Aut sed eveniet error non.', 5, '2019-03-06 19:24:18', '2019-03-06 19:24:18'),
(171, 13, 'Jade McLaughlin', 'Pariatur explicabo dolores culpa consequatur debitis explicabo ex. Id aut magnam et eveniet qui eius optio facilis. Odit modi sapiente minus exercitationem voluptatem maxime saepe et. Eius voluptatem molestiae eos tempore qui. Aliquid quos nihil ducimus voluptatem libero maxime.', 0, '2019-03-06 19:24:18', '2019-03-06 19:24:18'),
(172, 37, 'Mathias Macejkovic', 'Est repellendus pariatur quasi et vero aut quasi. Sunt dignissimos quidem aut. In molestias enim sit qui quo. Tempore dicta velit soluta ut.', 4, '2019-03-06 19:24:18', '2019-03-06 19:24:18'),
(173, 34, 'Mrs. Delores Tromp', 'Eaque illum soluta et qui beatae reiciendis qui. Commodi qui inventore possimus debitis. Ut commodi magni maxime dolor.', 3, '2019-03-06 19:24:18', '2019-03-06 19:24:18'),
(174, 42, 'Glennie Roob DVM', 'Dolorem est fugit nihil qui. Id repellendus enim libero sunt. Nostrum sit aspernatur sunt nemo ab. Perferendis est omnis commodi quisquam.', 1, '2019-03-06 19:24:18', '2019-03-06 19:24:18'),
(175, 13, 'Dave Grimes', 'Omnis ut consequatur fuga nam. Quia ut quidem dolor voluptatem. Suscipit totam inventore numquam neque non.', 4, '2019-03-06 19:24:18', '2019-03-06 19:24:18'),
(176, 21, 'Asa Fisher I', 'Illo eos odio autem aperiam sequi aut doloribus possimus. Fuga expedita deserunt dolor reiciendis ipsa dolorem. Repellat saepe facilis commodi qui.', 4, '2019-03-06 19:24:18', '2019-03-06 19:24:18'),
(177, 7, 'Florine O\'Keefe', 'Est officiis aut tempore. Alias fugit voluptatibus et. Numquam accusamus inventore dolor ut et officiis assumenda. Quia vero consequatur excepturi nihil.', 0, '2019-03-06 19:24:18', '2019-03-06 19:24:18'),
(178, 1, 'Kaley Simonis', 'Error saepe enim est consectetur est. Esse molestiae nobis ipsam et. Recusandae quis harum hic dolores nemo odio qui. Similique possimus quisquam deserunt voluptates dolor fuga velit.', 5, '2019-03-06 19:24:18', '2019-03-06 19:24:18'),
(179, 15, 'Jon Mraz', 'Pariatur nesciunt sunt at voluptas. Consequatur mollitia illo reiciendis cupiditate earum. Consequuntur omnis voluptas dolorum similique commodi voluptate voluptas.', 0, '2019-03-06 19:24:18', '2019-03-06 19:24:18'),
(180, 2, 'Frances Zieme', 'Quia esse dolorem vero placeat. Sit eos sint eos laboriosam. Asperiores voluptates dolore similique dignissimos. Incidunt amet asperiores provident.', 5, '2019-03-06 19:24:18', '2019-03-06 19:24:18'),
(181, 27, 'Easton Quitzon', 'Rerum voluptatem doloremque culpa esse minima qui. Aliquid in dolores et quia sapiente vitae. Deleniti perspiciatis quis minima praesentium cumque est.', 3, '2019-03-06 19:24:18', '2019-03-06 19:24:18'),
(182, 23, 'Abbey Murazik', 'Id ea quae ducimus rem hic rerum. Ipsam eius officiis iure. Quasi odio aperiam qui dolorum voluptatem. Eos architecto quam in aut similique autem aut.', 4, '2019-03-06 19:24:18', '2019-03-06 19:24:18'),
(183, 42, 'Vinnie Swift III', 'Porro voluptatibus unde consequuntur quibusdam aut rem. Qui sequi nam qui optio sed. Excepturi eos aut quod sed id tempore sit voluptatum.', 3, '2019-03-06 19:24:18', '2019-03-06 19:24:18'),
(184, 7, 'Mrs. Lizzie Lakin II', 'Perferendis illum ipsum expedita et minima. Voluptate est odit explicabo sunt rerum. Et quaerat rerum quam eligendi id placeat delectus ducimus. Rerum consequatur et dolores perferendis vitae. In animi qui iusto voluptatum.', 2, '2019-03-06 19:24:18', '2019-03-06 19:24:18'),
(185, 47, 'Federico DuBuque', 'Commodi cum et neque eum recusandae distinctio ipsum. Est dolor et voluptate beatae architecto rerum ipsa. Ut est id quis rerum et. Nesciunt consequuntur omnis molestiae exercitationem illum ea facere. Omnis qui impedit sit iure sed illo est rerum.', 1, '2019-03-06 19:24:18', '2019-03-06 19:24:18'),
(186, 31, 'Wilbert Schultz', 'Nemo cum illo ea et aut qui. Ea maiores sunt sed dolor cupiditate voluptatibus velit. Pariatur in omnis facere.', 3, '2019-03-06 19:24:18', '2019-03-06 19:24:18'),
(187, 20, 'Rahul Ortiz', 'Ipsa reprehenderit explicabo porro nulla voluptatem omnis. Quis sint tenetur maxime temporibus minima eos. Alias et et voluptatum iusto molestiae sint. At dolor quis eum porro et non aut culpa.', 5, '2019-03-06 19:24:18', '2019-03-06 19:24:18'),
(188, 11, 'Mr. Jensen Jast', 'Rerum corporis praesentium nemo ut perspiciatis et non. Reiciendis expedita quae sint. Dolores voluptas magnam laboriosam aut tenetur. Provident ipsam culpa est odit voluptatem.', 1, '2019-03-06 19:24:18', '2019-03-06 19:24:18'),
(189, 11, 'Aubrey Ondricka', 'Nemo ipsa sequi est mollitia. Sint voluptates qui sunt occaecati a dolorem. Et sed sint et consequatur quaerat.', 4, '2019-03-06 19:24:18', '2019-03-06 19:24:18'),
(190, 25, 'Diego Sporer', 'Pariatur ducimus optio quo occaecati. Et velit est corrupti libero rerum maiores. Perferendis odio odio ducimus qui maxime. Aliquam voluptas voluptas dolore quod nisi sit. Consequatur odio hic est in quaerat alias quia.', 1, '2019-03-06 19:24:18', '2019-03-06 19:24:18'),
(191, 37, 'Prof. Kaelyn Schamberger MD', 'Suscipit libero dolorum excepturi aliquam. Illum animi accusamus qui optio distinctio nostrum ut. Ipsam velit minus iusto aliquid.', 0, '2019-03-06 19:24:18', '2019-03-06 19:24:18'),
(192, 1, 'Carlotta Daugherty', 'Rem esse ut totam nesciunt eos perspiciatis. Est culpa omnis nisi corrupti. Explicabo repellendus atque laboriosam aspernatur.', 5, '2019-03-06 19:24:18', '2019-03-06 19:24:18'),
(193, 32, 'Wilfrid Crona', 'Ullam beatae qui non est. Qui iusto id quia voluptatem incidunt possimus corrupti ullam. Sapiente et beatae impedit et cupiditate qui rem.', 3, '2019-03-06 19:24:19', '2019-03-06 19:24:19'),
(194, 42, 'Jalyn Lang DDS', 'Excepturi eaque quos sunt sint voluptates. Culpa sed aut esse voluptas soluta. Beatae et ea molestiae sed debitis necessitatibus saepe. Reprehenderit accusamus asperiores repudiandae fugit illo deserunt.', 0, '2019-03-06 19:24:19', '2019-03-06 19:24:19'),
(195, 38, 'Mr. Jamey Romaguera', 'Inventore iusto voluptatem ea. Quis cum libero placeat consequatur iste cumque. Autem ratione debitis qui iusto deserunt sit.', 5, '2019-03-06 19:24:19', '2019-03-06 19:24:19'),
(196, 19, 'Cassandra Lemke DDS', 'Nulla blanditiis laudantium nihil et pariatur pariatur. Quos consequuntur quas repellat officiis omnis ea earum. Illum a aut consequatur.', 2, '2019-03-06 19:24:19', '2019-03-06 19:24:19'),
(197, 34, 'Morris Okuneva', 'Nobis vero magnam repudiandae quis omnis impedit. Nihil ut sint enim exercitationem id. Libero id quis rerum rerum et.', 2, '2019-03-06 19:24:19', '2019-03-06 19:24:19'),
(198, 46, 'Prof. Jarret Borer', 'Consequatur aliquam ut quis accusamus. Est voluptatum libero eum inventore in a eos. Officia temporibus est hic quidem.', 5, '2019-03-06 19:24:19', '2019-03-06 19:24:19'),
(199, 46, 'Edgardo Rolfson', 'Voluptatibus voluptate in in quisquam a ut quia rerum. Accusamus doloremque expedita exercitationem iure repudiandae dolor ut.', 1, '2019-03-06 19:24:19', '2019-03-06 19:24:19'),
(200, 26, 'Orlo McKenzie', 'Voluptatem autem libero magnam molestiae. Ad sed qui eos officiis. Qui quia soluta exercitationem fuga enim laborum odio. Et eius optio autem sint velit quod.', 4, '2019-03-06 19:24:19', '2019-03-06 19:24:19'),
(201, 8, 'Emanuel Schmidt V', 'Accusantium aut amet assumenda ea voluptas quos aliquid. Commodi reiciendis eaque repudiandae et. Deserunt rem dolorem voluptatibus.', 1, '2019-03-06 19:24:19', '2019-03-06 19:24:19'),
(202, 9, 'Moses Schaden Jr.', 'Libero ex accusamus reprehenderit quo suscipit molestiae aut. Repellat necessitatibus et vel dolores. Enim aliquam cum eaque est vel id. Distinctio quam incidunt exercitationem ut tenetur nostrum.', 4, '2019-03-06 19:24:19', '2019-03-06 19:24:19'),
(203, 10, 'Agnes Murazik', 'Soluta dolor et aut cupiditate quae aliquam quia non. Totam in culpa eveniet nam enim. Minima tempora error sint dignissimos sit officiis fuga.', 3, '2019-03-06 19:24:19', '2019-03-06 19:24:19'),
(204, 20, 'Spencer Skiles', 'A qui qui officiis praesentium laboriosam est cupiditate. Veritatis ut accusamus magni laudantium. Totam hic sed velit quia inventore dolore sunt modi. Corrupti dolores temporibus illo est.', 0, '2019-03-06 19:24:19', '2019-03-06 19:24:19'),
(205, 35, 'Wilton Maggio', 'Quasi corrupti autem est eius atque voluptatum dolores minus. Nam quos eos quasi perspiciatis aspernatur explicabo. Doloremque repudiandae hic expedita explicabo totam esse. Corrupti necessitatibus enim natus dignissimos repudiandae est ut.', 2, '2019-03-06 19:24:19', '2019-03-06 19:24:19'),
(206, 40, 'Mr. Sedrick Crooks', 'Ab hic laudantium quod sunt sit quisquam consequatur. Est sint non quibusdam nam. Rerum sint illo quisquam consequatur rem ipsam mollitia.', 1, '2019-03-06 19:24:19', '2019-03-06 19:24:19');
INSERT INTO `reviews` (`id`, `product_id`, `customer`, `review`, `star`, `created_at`, `updated_at`) VALUES
(207, 4, 'Erna Effertz', 'Et omnis dolorem commodi. Corporis assumenda quisquam maiores et incidunt cum. Qui nisi fugiat minus commodi delectus modi. Eaque ipsum mollitia sint sequi similique laborum voluptatem itaque. Ipsam quam perspiciatis ipsum.', 2, '2019-03-06 19:24:19', '2019-03-06 19:24:19'),
(208, 2, 'Jackie Hackett', 'Recusandae qui iusto quia fuga et tempore explicabo dolore. Id quasi consequuntur est. Consequuntur laudantium ut soluta suscipit et et. Aperiam in quam optio sit dolorem.', 5, '2019-03-06 19:24:19', '2019-03-06 19:24:19'),
(209, 26, 'Jaiden Crona', 'Praesentium unde sed omnis sed iure saepe consequatur. Numquam dolore eos occaecati voluptatem qui voluptatem. Eius corrupti nobis est totam vitae qui ut. Quia aperiam iure ut nam aut.', 2, '2019-03-06 19:24:19', '2019-03-06 19:24:19'),
(210, 34, 'Rachael Beahan', 'Sapiente est blanditiis error. Excepturi et ut qui molestias nam. Et tempore delectus aut explicabo ullam voluptas sed.', 2, '2019-03-06 19:24:19', '2019-03-06 19:24:19'),
(211, 7, 'Kennedi Russel', 'Quia accusamus earum consequatur laboriosam. Et impedit eum quia maxime dignissimos enim. Voluptas molestias exercitationem reiciendis nesciunt harum commodi.', 0, '2019-03-06 19:24:19', '2019-03-06 19:24:19'),
(212, 24, 'Prof. Rachel Runolfsdottir', 'Atque numquam sint sit harum a aut. Et amet dignissimos nesciunt ut. Est cumque est ducimus corrupti facilis sapiente.', 1, '2019-03-06 19:24:19', '2019-03-06 19:24:19'),
(213, 6, 'Janis Bartoletti', 'Nam ratione porro dolor dolor cum. Iure repudiandae soluta excepturi qui libero voluptate iste. Quas eum voluptatem nobis corporis vero. Nulla aperiam tenetur sit porro.', 3, '2019-03-06 19:24:19', '2019-03-06 19:24:19'),
(214, 38, 'Keegan Satterfield', 'Voluptas alias laborum vel cumque reiciendis dolores placeat rerum. Magnam ut rem et exercitationem voluptates cumque distinctio. Sit voluptas facilis perspiciatis odio ut ullam a animi.', 0, '2019-03-06 19:24:19', '2019-03-06 19:24:19'),
(215, 9, 'Devin Balistreri', 'Hic modi ratione omnis recusandae. Vel modi ut blanditiis quia asperiores ipsa. Soluta occaecati eligendi expedita cupiditate.', 2, '2019-03-06 19:24:19', '2019-03-06 19:24:19'),
(216, 17, 'Mrs. Kira Rice', 'Explicabo consequatur temporibus eligendi. Sequi sit vel eum qui. Voluptatem sapiente quia ullam fugit minima assumenda et reprehenderit.', 1, '2019-03-06 19:24:19', '2019-03-06 19:24:19'),
(217, 7, 'Kallie Erdman', 'Voluptatibus impedit sunt qui magnam eaque perferendis earum. Libero ut id nam iusto qui qui non. Natus eum deserunt modi. Delectus ut ipsum quia.', 2, '2019-03-06 19:24:20', '2019-03-06 19:24:20'),
(218, 43, 'Kristofer Weimann', 'Magni est molestiae ut placeat. Ea consequatur iusto quae provident laudantium iste. Quia quis provident debitis velit est sunt aliquam.', 2, '2019-03-06 19:24:20', '2019-03-06 19:24:20'),
(219, 22, 'Ms. Sonya Lueilwitz', 'Qui ab dolorem quos nam qui. Ea maiores eum qui inventore doloremque. Tempore rem dolore perspiciatis consequatur.', 5, '2019-03-06 19:24:20', '2019-03-06 19:24:20'),
(220, 40, 'Miss Margarette Rutherford', 'Voluptas ipsum ea itaque in. Tenetur et error odio. Ipsam autem ut odit et ut dignissimos sunt inventore. Reiciendis unde qui recusandae itaque quas soluta ratione.', 2, '2019-03-06 19:24:20', '2019-03-06 19:24:20'),
(221, 29, 'Malinda Smitham', 'Et doloremque sint qui ut animi. Consectetur modi ut et veritatis. Minima nesciunt rerum natus repellendus iure explicabo exercitationem. Dolorum esse velit ut est omnis sunt.', 2, '2019-03-06 19:24:20', '2019-03-06 19:24:20'),
(222, 12, 'Ariel Schmidt', 'Dolor eum et nemo neque eligendi. A tempore ratione itaque ullam magnam blanditiis debitis. Sed ea id est ut omnis.', 0, '2019-03-06 19:24:20', '2019-03-06 19:24:20'),
(223, 41, 'Jules Steuber', 'Cum similique voluptatem reiciendis expedita soluta sit. Assumenda quia qui tenetur doloribus rem error ea. Reiciendis consectetur corrupti blanditiis commodi quas. Numquam velit in adipisci ea molestiae dolore dolores aliquid.', 4, '2019-03-06 19:24:20', '2019-03-06 19:24:20'),
(224, 32, 'Adell Heaney DDS', 'Eius voluptatibus necessitatibus enim quis dolores a. Asperiores repellat qui fugit sit aut. Voluptatum eligendi qui ex voluptate deleniti odit est. Dolorem sit aspernatur perferendis voluptatem dignissimos ut ipsa.', 2, '2019-03-06 19:24:20', '2019-03-06 19:24:20'),
(225, 2, 'Dr. Tony Blick I', 'Quia voluptas quaerat quaerat est rerum accusantium. Aliquid dolorum ex iure est dolores ut consectetur aut. Soluta iure maiores voluptate.', 5, '2019-03-06 19:24:20', '2019-03-06 19:24:20'),
(226, 23, 'Miss Bernadette Wolf', 'Qui alias delectus nihil autem quas dolor molestiae reiciendis. Et voluptatem ut neque vero necessitatibus voluptatem repellendus. Quam consequatur ratione voluptatem tenetur. Vel amet sed sunt in quos.', 2, '2019-03-06 19:24:20', '2019-03-06 19:24:20'),
(227, 27, 'Bryana Adams', 'Rem non magni sed mollitia minus. Cupiditate consequuntur libero dolor et. In qui qui excepturi corporis.', 3, '2019-03-06 19:24:20', '2019-03-06 19:24:20'),
(228, 26, 'Brady Kohler', 'Ut sunt et officia aspernatur expedita. Earum est et nihil eaque. Optio doloribus est architecto repellendus dignissimos voluptatem vitae. Unde et consectetur qui sunt et omnis et.', 1, '2019-03-06 19:24:20', '2019-03-06 19:24:20'),
(229, 30, 'Murray Romaguera DVM', 'Cum et pariatur non distinctio et animi. Consequatur nihil et minima modi voluptatem assumenda. Pariatur sit illo ad deleniti.', 2, '2019-03-06 19:24:20', '2019-03-06 19:24:20'),
(230, 50, 'Ceasar Hickle', 'Qui rem numquam ullam quia. Voluptas quia nihil in modi rem. Rerum est recusandae minima libero.', 3, '2019-03-06 19:24:20', '2019-03-06 19:24:20'),
(231, 32, 'Sigrid Schroeder', 'Officia temporibus velit beatae impedit aut. Molestiae est facere optio quia veritatis est.', 2, '2019-03-06 19:24:20', '2019-03-06 19:24:20'),
(232, 46, 'Ezra Schultz IV', 'Consequatur porro mollitia ex suscipit iste aut. Cupiditate vitae ut sint dolor amet quis accusamus. Nihil eveniet esse molestiae deserunt sit.', 1, '2019-03-06 19:24:20', '2019-03-06 19:24:20'),
(233, 8, 'Edna Stroman', 'Impedit impedit consequatur ut aut labore et. Assumenda rerum voluptatem dolor itaque. Voluptatum illo voluptatem qui nostrum explicabo dolores impedit.', 0, '2019-03-06 19:24:20', '2019-03-06 19:24:20'),
(234, 28, 'Micaela Stiedemann', 'Iste ut ullam nemo reiciendis. Repellendus est in saepe suscipit tempore. Ex ex labore iste non dolorum dolorem.', 3, '2019-03-06 19:24:20', '2019-03-06 19:24:20'),
(235, 35, 'Rhea Bartoletti III', 'Illum eligendi rerum laboriosam. Repellendus et harum maiores eaque aut corporis. Aut tempora qui praesentium quisquam perspiciatis. Sit vero natus deleniti voluptas assumenda beatae eligendi.', 2, '2019-03-06 19:24:20', '2019-03-06 19:24:20'),
(236, 38, 'Alice Dicki', 'Ducimus optio quae et sunt voluptatem illo tenetur. Aut ipsam quas sed aut assumenda cupiditate. Autem voluptatum assumenda minus repellendus ipsam facere.', 4, '2019-03-06 19:24:20', '2019-03-06 19:24:20'),
(237, 42, 'Chelsey Batz', 'Impedit dicta mollitia doloremque a repellat nisi cumque eos. Sit quaerat ut tenetur eos. Modi aut temporibus animi ratione quia quas.', 1, '2019-03-06 19:24:20', '2019-03-06 19:24:20'),
(238, 8, 'Ms. Zoila Heathcote I', 'Repudiandae numquam a ipsum explicabo optio omnis. Et distinctio debitis magni a voluptas. Et quas esse eum quia.', 5, '2019-03-06 19:24:20', '2019-03-06 19:24:20'),
(239, 26, 'Dr. Ivory Grimes', 'Quas ratione ut ex. Excepturi debitis voluptas ut quia. Repellendus nostrum porro facere ut. Nesciunt quo quibusdam assumenda amet.', 2, '2019-03-06 19:24:20', '2019-03-06 19:24:20'),
(240, 16, 'Mrs. Carolyn Considine', 'Quasi qui ut quis minima doloremque. Voluptas provident et repellat non. Voluptatem adipisci optio quis odio excepturi odit eaque.', 1, '2019-03-06 19:24:20', '2019-03-06 19:24:20'),
(241, 10, 'Beryl Kuvalis', 'Ad natus consequatur culpa deserunt. Est dolorum amet et labore et asperiores necessitatibus. Repudiandae ea expedita aut dolores est.', 0, '2019-03-06 19:24:20', '2019-03-06 19:24:20'),
(242, 35, 'Emmanuelle Larson', 'Aut voluptas in commodi recusandae expedita suscipit fugit impedit. Voluptatem maiores aut nam non id aspernatur tempore. Rerum et qui aut provident.', 4, '2019-03-06 19:24:20', '2019-03-06 19:24:20'),
(243, 50, 'Zachery Boyer', 'Rerum similique amet et omnis cumque. Et omnis voluptas est unde quos asperiores velit perferendis. Asperiores iure atque assumenda eos id aut. Quis sit error non pariatur quibusdam error error ut. Aliquam quasi odit esse rerum ex magnam culpa minus.', 3, '2019-03-06 19:24:20', '2019-03-06 19:24:20'),
(244, 17, 'Dr. Myron Boyer Jr.', 'Cupiditate laboriosam eius repellat neque ipsam. Itaque mollitia blanditiis tenetur repellat et. Ut consequuntur quasi error est similique eius iure. A quia error minus et.', 2, '2019-03-06 19:24:20', '2019-03-06 19:24:20'),
(245, 6, 'Thomas D\'Amore', 'Sequi incidunt quo ea repudiandae. Molestiae voluptas similique sed molestiae ut animi ut. Magnam unde excepturi porro neque quibusdam.', 4, '2019-03-06 19:24:20', '2019-03-06 19:24:20'),
(246, 24, 'Roger Considine', 'Dicta est aut fugit aut. Dolorum aliquid consequuntur et accusamus perspiciatis vitae autem. Consequatur provident debitis expedita atque.', 5, '2019-03-06 19:24:20', '2019-03-06 19:24:20'),
(247, 32, 'Dr. Desmond Bailey', 'Minima et explicabo qui doloribus molestiae cumque fuga. Inventore dolore hic blanditiis suscipit mollitia ratione. Consequatur quia sit facilis ea nulla. Voluptas quia aut beatae sunt. Rerum in eum veniam laudantium qui itaque.', 5, '2019-03-06 19:24:20', '2019-03-06 19:24:20'),
(248, 12, 'Clifton Bashirian', 'Quidem ipsa voluptatem nihil quod. Iste hic mollitia dolore quia et nihil.', 3, '2019-03-06 19:24:20', '2019-03-06 19:24:20'),
(249, 3, 'Meredith Windler', 'Impedit aut nam et incidunt non eaque cum. Perspiciatis necessitatibus iusto est ex dolores nam autem. Consequatur dolor sunt dolorem modi.', 0, '2019-03-06 19:24:21', '2019-03-06 19:24:21'),
(250, 17, 'Prof. Sidney Fisher', 'Voluptas sit in perferendis sint odio. Quia porro est eum fugit totam adipisci nulla ab. Dolorum iusto molestiae molestiae.', 0, '2019-03-06 19:24:21', '2019-03-06 19:24:21'),
(251, 32, 'Prof. Sandy Emard', 'Tempore maxime culpa ipsum repellendus qui velit quam dolores. Voluptatibus sit aliquam ratione et. Exercitationem tenetur doloremque nemo voluptates amet reprehenderit incidunt.', 2, '2019-03-06 19:24:21', '2019-03-06 19:24:21'),
(252, 4, 'Miss Christina Boyle', 'Non non illum tempora minus voluptatem blanditiis. Eveniet mollitia alias eum officia aspernatur quis tempora. Distinctio tempore quam enim dolores dolorum. Deleniti ut assumenda iste.', 0, '2019-03-06 19:24:21', '2019-03-06 19:24:21'),
(253, 30, 'Garnett Stamm', 'Natus error perspiciatis velit deserunt sed. Optio esse hic ut officiis quas. Dicta perspiciatis temporibus consequatur molestiae beatae cupiditate. Natus excepturi occaecati culpa corrupti quibusdam est.', 4, '2019-03-06 19:24:21', '2019-03-06 19:24:21'),
(254, 16, 'Clark Corkery PhD', 'Itaque inventore velit architecto rerum. Illum sint nesciunt tempora sed quidem fugit voluptatem. Quia facere voluptatem necessitatibus similique delectus doloremque a. Consequatur reprehenderit aut et.', 0, '2019-03-06 19:24:21', '2019-03-06 19:24:21'),
(255, 11, 'Kareem Ratke', 'Nisi animi consequatur non voluptatum id ad tempora. Suscipit suscipit est ullam aut. Consequatur corporis libero corporis libero.', 4, '2019-03-06 19:24:21', '2019-03-06 19:24:21'),
(256, 29, 'Ayla Reichel', 'Beatae quae qui laboriosam animi. Et tenetur iste eos commodi hic minus. Quaerat similique ullam eligendi dolore aut. Eveniet inventore sunt magni dolores dignissimos incidunt nostrum. Id aliquam minima qui facilis libero.', 5, '2019-03-06 19:24:21', '2019-03-06 19:24:21'),
(257, 25, 'Ruby Von', 'Quibusdam quis quisquam necessitatibus optio dolor et. Quaerat ipsam eos soluta voluptatem dolorem qui voluptas error.', 4, '2019-03-06 19:24:21', '2019-03-06 19:24:21'),
(258, 3, 'Carlos Langworth', 'Quod suscipit quia temporibus illo expedita. Delectus quia quaerat delectus expedita et eum. Voluptas reprehenderit minus labore est molestiae facilis quasi. Inventore maxime voluptatem in natus iusto quos quidem.', 2, '2019-03-06 19:24:21', '2019-03-06 19:24:21'),
(259, 29, 'Dr. Trevion Becker', 'Facere sint dignissimos maiores et reprehenderit animi rem et. Sint asperiores aliquid quasi blanditiis totam dolorum iusto dolorem. Voluptas maiores et animi. Et sed enim quis necessitatibus.', 2, '2019-03-06 19:24:21', '2019-03-06 19:24:21'),
(260, 24, 'Mckayla Russel', 'Totam sit dolor aliquid exercitationem ratione. Dolorem nulla dolores blanditiis quia dolore. Vero ut ratione aut impedit et dicta id nihil.', 2, '2019-03-06 19:24:21', '2019-03-06 19:24:21'),
(261, 27, 'Uriah Spencer', 'Repudiandae cum ut debitis voluptatum vel. Sed esse iure harum ab aut.', 4, '2019-03-06 19:24:21', '2019-03-06 19:24:21'),
(262, 31, 'Vita Moore', 'Id consequatur enim assumenda quibusdam consequatur. Cum id alias accusamus. Sit et harum rem dolores eos.', 3, '2019-03-06 19:24:21', '2019-03-06 19:24:21'),
(263, 30, 'Dr. Augustine Toy IV', 'Temporibus molestias sint dolores id quod corporis magni. Culpa modi nobis iure animi expedita assumenda rem. Exercitationem officia consequatur iure debitis. Dicta et laudantium nobis in.', 5, '2019-03-06 19:24:21', '2019-03-06 19:24:21'),
(264, 47, 'Beth McClure', 'Quam vel nostrum saepe dolore. Maiores quam sed eaque aliquid.', 0, '2019-03-06 19:24:21', '2019-03-06 19:24:21'),
(265, 40, 'Prof. Edison Bergstrom Jr.', 'Quidem molestiae occaecati sit eaque. Veritatis expedita placeat vitae molestiae suscipit voluptatem tenetur reprehenderit. Earum et sit aut iusto. At qui ut repudiandae consectetur aut accusantium rerum libero.', 4, '2019-03-06 19:24:21', '2019-03-06 19:24:21'),
(266, 31, 'Vince Bins', 'Facilis blanditiis et sequi qui sed. Beatae eum vel odio magni quod magnam. Ipsum voluptate nulla in adipisci quod eum ab. Illo dolorem quo commodi voluptatem eos ut autem.', 4, '2019-03-06 19:24:21', '2019-03-06 19:24:21'),
(267, 26, 'Mose Schmidt', 'Quis id soluta similique qui necessitatibus blanditiis enim. Ut quo consequatur nostrum sunt eos doloremque deleniti. Facere dolor voluptas veritatis consequuntur.', 3, '2019-03-06 19:24:21', '2019-03-06 19:24:21'),
(268, 5, 'Danika Gusikowski', 'Odio consequatur explicabo animi sed quidem distinctio. Perspiciatis natus quidem deserunt occaecati expedita. Ut eaque ipsa assumenda labore iusto veniam optio impedit.', 0, '2019-03-06 19:24:21', '2019-03-06 19:24:21'),
(269, 6, 'Prof. Jordi Steuber', 'Sit doloribus id aut odio. Numquam impedit a aut blanditiis ut mollitia. Voluptas voluptatem illo et voluptatem sit et. Saepe quam iusto cupiditate qui sunt accusantium.', 5, '2019-03-06 19:24:21', '2019-03-06 19:24:21'),
(270, 34, 'Ms. Luz Kovacek', 'Autem temporibus dolorem ullam aperiam reprehenderit libero qui quod. In voluptas tenetur aut debitis qui rerum delectus.', 4, '2019-03-06 19:24:21', '2019-03-06 19:24:21'),
(271, 26, 'Guillermo Quitzon', 'Recusandae iusto dolor ipsam voluptatem sed fuga reiciendis. Soluta est quia autem nobis veniam laborum. Dolores sunt officia animi voluptatem ratione. Nesciunt omnis et nobis est iste rerum.', 5, '2019-03-06 19:24:21', '2019-03-06 19:24:21'),
(272, 36, 'Prof. Merlin Welch', 'Aliquid ipsa deserunt dolorum distinctio ut natus quasi fugiat. Enim sit molestias vitae nulla. Nobis velit reiciendis cumque voluptatem voluptate.', 0, '2019-03-06 19:24:21', '2019-03-06 19:24:21'),
(273, 26, 'Nicklaus Ziemann', 'Architecto laborum dolores iure vitae nisi excepturi. Omnis dolorum dolorem incidunt ipsa eum consequatur officiis. Quia omnis ad sed repellendus in. Similique voluptatem consequatur dicta dolorum magnam numquam aut. Ad eos perspiciatis vitae veritatis nisi tenetur.', 2, '2019-03-06 19:24:21', '2019-03-06 19:24:21'),
(274, 5, 'Carolyn Rau MD', 'Veniam ratione repellat pariatur fugit totam. Nihil est esse similique ullam omnis blanditiis accusamus. Velit expedita aut quidem animi cum. Vel numquam nemo laudantium fugit aliquam.', 1, '2019-03-06 19:24:21', '2019-03-06 19:24:21'),
(275, 3, 'Prof. Candido Aufderhar', 'Sed voluptatem non voluptatem tempore adipisci est. Ad nisi illum quos impedit consequatur quis rerum praesentium. Tenetur illum aperiam enim occaecati sed consequatur exercitationem autem.', 5, '2019-03-06 19:24:21', '2019-03-06 19:24:21'),
(276, 10, 'Ewell Ward', 'Doloremque quo quis aspernatur facere numquam sed. Facere ad incidunt dolor sit at porro in incidunt. Et in quasi et voluptatem eligendi totam architecto. Eum eius animi ipsa aut et voluptatem.', 0, '2019-03-06 19:24:21', '2019-03-06 19:24:21'),
(277, 2, 'Genoveva O\'Kon', 'Beatae praesentium est ut nobis iusto et rerum. Incidunt necessitatibus voluptate est nulla tempora optio tenetur. Nisi eveniet et vitae.', 0, '2019-03-06 19:24:21', '2019-03-06 19:24:21'),
(278, 11, 'Leon Jerde', 'Repudiandae ea distinctio placeat ullam maiores sint et. Dolores id rerum blanditiis ea corrupti maxime. Iste et est ipsa mollitia ea ab reiciendis. Velit expedita aut ut optio perspiciatis autem magnam voluptate.', 1, '2019-03-06 19:24:21', '2019-03-06 19:24:21'),
(279, 6, 'Miss Emma Monahan DVM', 'Possimus at nihil provident voluptas nostrum aperiam iusto exercitationem. Incidunt ea voluptatum qui quis maiores. Quo deleniti modi aut enim. Incidunt molestiae voluptatum amet quod eius ratione voluptatem.', 4, '2019-03-06 19:24:21', '2019-03-06 19:24:21'),
(280, 31, 'Dr. Kenneth Boyer V', 'Voluptas aperiam et molestiae. Voluptates delectus est mollitia ducimus.', 4, '2019-03-06 19:24:22', '2019-03-06 19:24:22'),
(281, 11, 'Prof. Hershel Gutkowski Sr.', 'Eveniet quam dolor modi mollitia iste. Esse officia aspernatur voluptate qui ab nostrum delectus. Occaecati velit et id ut atque.', 1, '2019-03-06 19:24:22', '2019-03-06 19:24:22'),
(282, 16, 'Arthur Oberbrunner', 'Ab ut aspernatur eum et aut odit. Voluptas architecto aliquam odio eum. Nobis velit adipisci reiciendis.', 1, '2019-03-06 19:24:22', '2019-03-06 19:24:22'),
(283, 10, 'Damaris Kunze', 'Vel nihil sit nam quia est. Esse quam asperiores maiores maiores excepturi et. Dolorum aperiam voluptas repellendus alias tempora omnis a quis. Deleniti nesciunt aut repellat qui consequatur.', 3, '2019-03-06 19:24:22', '2019-03-06 19:24:22'),
(284, 11, 'Blaze Hansen I', 'Ab atque quia ad doloribus. Commodi reprehenderit necessitatibus quia mollitia laudantium inventore omnis. Ut sint repellat et et. Debitis facere doloribus minima facere facere id illo.', 3, '2019-03-06 19:24:22', '2019-03-06 19:24:22'),
(285, 17, 'Clare Hickle', 'Aspernatur eligendi sit voluptatibus error possimus excepturi. Saepe iusto praesentium est quia quo magni. Quisquam quaerat porro porro nam explicabo.', 1, '2019-03-06 19:24:22', '2019-03-06 19:24:22'),
(286, 39, 'Carmella Yost', 'Odit ut perspiciatis architecto in laboriosam minima quasi. Delectus et reprehenderit rerum omnis fuga sed. Esse accusantium vitae ullam fugiat alias eveniet dignissimos quia.', 4, '2019-03-06 19:24:22', '2019-03-06 19:24:22'),
(287, 27, 'Prof. Tyrese Little MD', 'Autem vero harum accusamus provident. Hic nihil sit molestias ut facilis esse soluta. Veniam quas beatae alias.', 1, '2019-03-06 19:24:22', '2019-03-06 19:24:22'),
(288, 33, 'Ayden Wolf II', 'Doloremque illum impedit voluptas. Aut debitis non minima dolorem velit mollitia ut. Consequatur quia blanditiis enim non.', 4, '2019-03-06 19:24:22', '2019-03-06 19:24:22'),
(289, 21, 'Emmanuelle Fay', 'Veritatis neque esse iure dolor. Voluptatem totam temporibus ipsum eius nostrum voluptatem quis et. Aut esse perspiciatis consequatur voluptatibus sit eos. Aut illum minima dolorem sint id.', 3, '2019-03-06 19:24:22', '2019-03-06 19:24:22'),
(290, 2, 'Titus Parisian', 'Assumenda optio voluptatem porro architecto id est. Labore ea qui voluptates suscipit fugit omnis quisquam. Enim expedita culpa repellat reiciendis cupiditate aliquam.', 0, '2019-03-06 19:24:22', '2019-03-06 19:24:22'),
(291, 21, 'Ruth Anderson', 'Impedit inventore quis veritatis facilis atque. Quis porro doloremque ut. Provident asperiores unde ea qui omnis. Repellendus sint enim ut a dolorem.', 4, '2019-03-06 19:24:22', '2019-03-06 19:24:22'),
(292, 43, 'Ms. Reva Pagac', 'Sed voluptas adipisci similique iure eligendi. Sed sit consequatur nisi in consequatur. Possimus odio eaque nobis.', 1, '2019-03-06 19:24:22', '2019-03-06 19:24:22'),
(293, 24, 'Harvey Lesch', 'Pariatur ut et et numquam autem. Quia facilis omnis sit quidem aut ipsam. Id id perferendis odio assumenda. A dicta illum et quia hic unde impedit.', 1, '2019-03-06 19:24:22', '2019-03-06 19:24:22'),
(294, 28, 'Prof. Christian Lindgren II', 'Error iure vel laudantium id. Labore corporis voluptatem aperiam sunt. Ratione quo illum inventore nostrum omnis. Ea saepe quidem nihil perferendis.', 0, '2019-03-06 19:24:22', '2019-03-06 19:24:22'),
(295, 25, 'Maddison Emmerich', 'Reiciendis et fugit ipsa. Sed quo dolores adipisci qui et. Expedita iusto dolorum quam non sit. Tenetur recusandae nemo sequi repellat dolorem.', 2, '2019-03-06 19:24:22', '2019-03-06 19:24:22'),
(296, 3, 'Mortimer Hickle PhD', 'Dolorum aliquam dolorem maiores sapiente maiores voluptas eum. Ratione et excepturi praesentium dolore ipsa. Iusto vero et sint tenetur molestiae et rem. Corporis rerum qui explicabo incidunt delectus dolorem reprehenderit sapiente.', 3, '2019-03-06 19:24:22', '2019-03-06 19:24:22'),
(297, 32, 'Rosalind Ullrich Jr.', 'Voluptas omnis est qui dolores dicta unde iste quo. Quia quidem et porro possimus.', 1, '2019-03-06 19:24:22', '2019-03-06 19:24:22'),
(298, 28, 'Charity Konopelski II', 'Dolor et commodi perferendis sed ratione quidem. Nisi vel repudiandae ut sapiente incidunt suscipit rerum vel. Dolor qui odit in quia atque. Omnis vero quam quam nulla est.', 3, '2019-03-06 19:24:22', '2019-03-06 19:24:22'),
(299, 28, 'Prof. Elbert Stroman DDS', 'Autem sit fuga accusantium officia. Aut harum debitis dolorem aut iure quia harum aut. Cupiditate ea et omnis modi deleniti assumenda culpa voluptatem. Non dolores nam provident repellendus id fuga nam aut.', 3, '2019-03-06 19:24:22', '2019-03-06 19:24:22'),
(300, 31, 'Earnestine Trantow Jr.', 'Accusamus ut ducimus eius laborum. Quam qui quia et dolores debitis. At dolorum cum aut necessitatibus omnis temporibus aspernatur.', 3, '2019-03-06 19:24:22', '2019-03-06 19:24:22');

-- --------------------------------------------------------

--
-- Table structure for table `users`
--

CREATE TABLE `users` (
  `id` bigint(20) UNSIGNED NOT NULL,
  `name` varchar(191) COLLATE utf8mb4_unicode_ci NOT NULL,
  `email` varchar(191) COLLATE utf8mb4_unicode_ci NOT NULL,
  `email_verified_at` timestamp NULL DEFAULT NULL,
  `password` varchar(191) COLLATE utf8mb4_unicode_ci NOT NULL,
  `remember_token` varchar(100) COLLATE utf8mb4_unicode_ci DEFAULT NULL,
  `created_at` timestamp NULL DEFAULT NULL,
  `updated_at` timestamp NULL DEFAULT NULL
) ENGINE=InnoDB DEFAULT CHARSET=utf8mb4 COLLATE=utf8mb4_unicode_ci;

--
-- Indexes for dumped tables
--

--
-- Indexes for table `migrations`
--
ALTER TABLE `migrations`
  ADD PRIMARY KEY (`id`);

--
-- Indexes for table `password_resets`
--
ALTER TABLE `password_resets`
  ADD KEY `password_resets_email_index` (`email`);

--
-- Indexes for table `products`
--
ALTER TABLE `products`
  ADD PRIMARY KEY (`id`);

--
-- Indexes for table `reviews`
--
ALTER TABLE `reviews`
  ADD PRIMARY KEY (`id`),
  ADD KEY `review_product_id_index` (`product_id`);

--
-- Indexes for table `users`
--
ALTER TABLE `users`
  ADD PRIMARY KEY (`id`),
  ADD UNIQUE KEY `users_email_unique` (`email`);

--
-- AUTO_INCREMENT for dumped tables
--

--
-- AUTO_INCREMENT for table `migrations`
--
ALTER TABLE `migrations`
  MODIFY `id` int(10) UNSIGNED NOT NULL AUTO_INCREMENT, AUTO_INCREMENT=5;

--
-- AUTO_INCREMENT for table `products`
--
ALTER TABLE `products`
  MODIFY `id` bigint(20) UNSIGNED NOT NULL AUTO_INCREMENT, AUTO_INCREMENT=51;

--
-- AUTO_INCREMENT for table `reviews`
--
ALTER TABLE `reviews`
  MODIFY `id` bigint(20) UNSIGNED NOT NULL AUTO_INCREMENT, AUTO_INCREMENT=301;

--
-- AUTO_INCREMENT for table `users`
--
ALTER TABLE `users`
  MODIFY `id` bigint(20) UNSIGNED NOT NULL AUTO_INCREMENT;
COMMIT;

/*!40101 SET CHARACTER_SET_CLIENT=@OLD_CHARACTER_SET_CLIENT */;
/*!40101 SET CHARACTER_SET_RESULTS=@OLD_CHARACTER_SET_RESULTS */;
/*!40101 SET COLLATION_CONNECTION=@OLD_COLLATION_CONNECTION */;
